zip,yelp_dollar_1,yelp_dollar_2,yelp_dollar_3,yelp_dollar_4,Total_Business,STATE,income_level_1,income_level_2,income_level_3,income_level_4,income_level_5,income_level_6,affluence,yelp_perc_1,yelp_perc_2,yelp_perc_3,yelp_perc_4,city
12919,1,1,1,0,3,NY,580.0,420.0,250.0,170.0,160.0,0.0,49050.632911392415,0.3333333333333333,0.3333333333333333,0.3333333333333333,0.0,Champlain
12923,0,1,0,0,1,NY,80.0,70.0,30.0,20.0,20.0,0.0,46590.90909090909,0.0,1.0,0.0,0.0,Churubusco
12979,3,1,0,0,4,NY,430.0,290.0,160.0,130.0,160.0,0.0,52670.940170940165,0.75,0.25,0.0,0.0,Rouses Point
15003,6,8,0,2,16,PA,2340.0,1650.0,820.0,450.0,360.0,40.0,43418.72791519434,0.375,0.5,0.0,0.125,Ambridge
15015,0,1,0,0,1,PA,160.0,70.0,60.0,70.0,190.0,110.0,106818.18181818182,0.0,1.0,0.0,0.0,Bradfordwoods
15017,17,41,6,3,67,PA,2380.0,1930.0,1320.0,910.0,1330.0,520.0,70768.77234803338,0.2537313432835821,0.6119402985074627,0.08955223880597014,0.04477611940298507,Bridgeville
15024,2,6,1,1,10,PA,1470.0,1050.0,650.0,490.0,630.0,180.0,62807.6062639821,0.2,0.6,0.1,0.1,Cheswick
15025,2,4,0,0,6,PA,2870.0,1740.0,1000.0,730.0,1200.0,370.0,63211.12515802781,0.3333333333333333,0.6666666666666666,0.0,0.0,Clairton
15026,1,0,0,0,1,PA,580.0,400.0,300.0,230.0,410.0,90.0,72201.49253731343,1.0,0.0,0.0,0.0,clinton
15030,0,1,0,0,1,PA,210.0,150.0,80.0,30.0,20.0,0.0,38520.408163265296,0.0,1.0,0.0,0.0,Creighton
15031,2,0,0,0,2,PA,120.0,80.0,40.0,40.0,0.0,0.0,37500.0,1.0,0.0,0.0,0.0,Cuddy
15034,0,3,0,0,3,PA,360.0,280.0,120.0,70.0,50.0,0.0,41051.13636363636,0.0,1.0,0.0,0.0,Dravosburg
15035,0,2,1,1,4,PA,450.0,360.0,150.0,80.0,50.0,0.0,39449.54128440367,0.0,0.5,0.25,0.25,East Mc Keesport
15037,6,2,0,0,8,PA,1890.0,1350.0,860.0,640.0,770.0,90.0,57500.0,0.75,0.25,0.0,0.0,Elizabeth Township
15038,1,0,0,0,1,PA,70.0,70.0,20.0,30.0,0.0,0.0,38815.78947368421,1.0,0.0,0.0,0.0,Elrama
15042,0,1,0,0,1,PA,1420.0,950.0,670.0,540.0,650.0,100.0,61200.923787528875,0.0,1.0,0.0,0.0,Sewickley
15044,11,24,4,0,39,PA,4090.0,2090.0,1630.0,1470.0,3240.0,2020.0,92916.09353507565,0.28205128205128205,0.6153846153846154,0.10256410256410256,0.0,Gibsonia
15045,0,3,0,0,3,PA,940.0,590.0,280.0,140.0,100.0,0.0,38353.65853658537,0.0,1.0,0.0,0.0,Glassport
15051,0,1,0,0,1,PA,80.0,70.0,30.0,40.0,0.0,0.0,40909.09090909091,0.0,1.0,0.0,0.0,Indianola
15055,0,1,0,0,1,PA,220.0,230.0,150.0,100.0,110.0,20.0,61445.78313253013,0.0,1.0,0.0,0.0,Lawrence
15056,1,1,1,0,3,PA,210.0,170.0,70.0,40.0,60.0,0.0,47045.454545454544,0.3333333333333333,0.3333333333333333,0.3333333333333333,0.0,Leetsdale
15057,2,2,1,0,5,PA,2160.0,1290.0,910.0,790.0,1720.0,520.0,79753.0446549391,0.4,0.4,0.2,0.0,Mc Donald
15063,1,5,1,0,7,PA,1950.0,1450.0,910.0,600.0,650.0,80.0,54188.82978723403,0.14285714285714285,0.7142857142857143,0.14285714285714285,0.0,Monongahela
15067,0,2,0,0,2,PA,460.0,310.0,160.0,90.0,80.0,0.0,42954.545454545456,0.0,1.0,0.0,0.0,New Eagle
15068,7,14,2,1,24,PA,7260.0,4610.0,2730.0,1850.0,2130.0,340.0,52887.15644820296,0.2916666666666667,0.5833333333333334,0.08333333333333333,0.04166666666666666,New Kensington
15071,1,8,2,0,11,PA,1700.0,1260.0,840.0,630.0,1010.0,260.0,68881.57894736843,0.09090909090909093,0.7272727272727273,0.18181818181818185,0.0,Pittsburgh
15085,1,5,0,0,6,PA,1390.0,920.0,610.0,470.0,620.0,100.0,60614.355231143556,0.16666666666666666,0.8333333333333334,0.0,0.0,Trafford
15086,1,2,0,0,3,PA,50.0,30.0,40.0,0.0,40.0,40.0,101250.0,0.3333333333333333,0.6666666666666666,0.0,0.0,New Kensington
15090,35,50,12,3,100,PA,2940.0,1470.0,1230.0,1030.0,2780.0,2200.0,105225.32188841199,0.35,0.5,0.12,0.03,Wexford
15101,6,21,4,0,31,PA,3790.0,2220.0,1740.0,1410.0,2700.0,1090.0,80328.18532818533,0.1935483870967742,0.6774193548387096,0.12903225806451613,0.0,Allison Park
15102,12,39,2,1,54,PA,4670.0,3000.0,2210.0,2020.0,3140.0,700.0,71902.7954256671,0.2222222222222222,0.7222222222222222,0.037037037037037035,0.018518518518518517,Bethel Park
15104,0,5,0,0,5,PA,2090.0,1030.0,290.0,120.0,60.0,0.0,28516.713091922007,0.0,1.0,0.0,0.0,Braddock
15106,15,20,1,2,38,PA,3480.0,2690.0,1540.0,1030.0,1180.0,240.0,55880.905511811034,0.3947368421052632,0.5263157894736842,0.02631578947368421,0.05263157894736842,Carnegie
15108,36,62,12,1,111,PA,6210.0,4260.0,2930.0,2330.0,3940.0,1240.0,72949.5456719273,0.32432432432432434,0.5585585585585585,0.10810810810810813,0.009009009009009007,Moon Twp
15110,1,0,0,0,1,PA,1350.0,590.0,180.0,70.0,50.0,0.0,28515.625,1.0,0.0,0.0,0.0,West Mifflin
15112,2,1,0,0,3,PA,720.0,460.0,180.0,80.0,60.0,0.0,35666.666666666664,0.6666666666666666,0.3333333333333333,0.0,0.0,East Pittsburgh
15116,4,7,0,0,11,PA,2270.0,1490.0,1180.0,1000.0,1520.0,290.0,70451.6129032258,0.3636363636363637,0.6363636363636364,0.0,0.0,Glenshaw
15120,23,37,6,1,67,PA,3870.0,2620.0,1280.0,760.0,770.0,90.0,45913.205537806185,0.34328358208955223,0.5522388059701493,0.08955223880597014,0.01492537313432836,West Homestead
15122,11,33,2,0,46,PA,3940.0,2790.0,1660.0,1060.0,930.0,80.0,48745.21988527725,0.2391304347826087,0.7173913043478259,0.043478260869565216,0.0,West Mifflin
15126,1,4,1,0,6,PA,1220.0,870.0,590.0,460.0,670.0,100.0,64066.496163682874,0.16666666666666666,0.6666666666666666,0.16666666666666666,0.0,Imperial
15129,2,2,1,1,6,PA,1760.0,1310.0,890.0,650.0,1040.0,160.0,65339.93115318418,0.3333333333333333,0.3333333333333333,0.16666666666666666,0.16666666666666666,Library
15131,6,9,2,1,18,PA,1480.0,1180.0,770.0,460.0,460.0,60.0,53316.32653061225,0.3333333333333333,0.5,0.1111111111111111,0.05555555555555555,White Oak
15132,7,6,1,0,14,PA,4540.0,2350.0,900.0,430.0,310.0,20.0,33947.36842105263,0.5,0.42857142857142855,0.07142857142857142,0.0,McKeesport
15133,0,0,1,0,1,PA,1230.0,1010.0,550.0,320.0,230.0,0.0,44947.60479041916,0.0,0.0,1.0,0.0,Clairton
15136,14,24,7,1,46,PA,4560.0,2910.0,1400.0,960.0,1290.0,300.0,53075.74430823117,0.3043478260869565,0.5217391304347826,0.15217391304347827,0.021739130434782608,McKees Rocks
15137,3,13,6,0,22,PA,2080.0,1580.0,770.0,430.0,360.0,30.0,44285.714285714275,0.13636363636363635,0.5909090909090909,0.2727272727272727,0.0,North Versailles
15139,7,9,3,0,19,PA,1040.0,790.0,490.0,380.0,610.0,270.0,74162.01117318436,0.3684210526315789,0.4736842105263158,0.15789473684210525,0.0,Oakmont
15140,1,2,0,0,3,PA,740.0,370.0,160.0,60.0,60.0,0.0,34082.73381294964,0.3333333333333333,0.6666666666666666,0.0,0.0,Pitcairn
15142,0,1,0,0,1,PA,200.0,170.0,130.0,100.0,190.0,310.0,119772.72727272726,0.0,1.0,0.0,0.0,Presto
15143,8,20,4,0,32,PA,2740.0,1440.0,1130.0,980.0,2190.0,2040.0,102958.65019011409,0.25,0.625,0.125,0.0,Sewickley
15144,5,3,0,0,8,PA,810.0,620.0,330.0,220.0,200.0,0.0,47362.38532110092,0.625,0.375,0.0,0.0,Springdale
15145,1,5,1,0,7,PA,1600.0,1060.0,400.0,190.0,150.0,30.0,38301.74927113703,0.14285714285714285,0.7142857142857143,0.14285714285714285,0.0,Turtle Creek
15146,39,91,17,2,149,PA,4760.0,3480.0,2460.0,1680.0,2090.0,410.0,60937.5,0.26174496644295303,0.610738255033557,0.11409395973154365,0.013422818791946308,Monroeville
15147,9,9,3,1,22,PA,3170.0,2500.0,1360.0,820.0,770.0,110.0,49613.40206185566,0.4090909090909091,0.4090909090909091,0.13636363636363635,0.045454545454545456,Verona
15148,1,2,1,0,4,PA,580.0,350.0,120.0,50.0,30.0,0.0,32522.123893805314,0.25,0.5,0.25,0.0,Wilmerding
15201,42,78,10,2,132,PA,2290.0,2300.0,1180.0,670.0,680.0,200.0,54542.34972677597,0.3181818181818182,0.5909090909090909,0.07575757575757576,0.015151515151515154,Pittsburgh
15202,10,23,13,1,47,PA,3640.0,3240.0,1550.0,900.0,1010.0,240.0,52374.763705103964,0.2127659574468085,0.4893617021276596,0.2765957446808511,0.02127659574468085,Pittsburgh
15203,70,107,18,0,195,PA,1590.0,1580.0,930.0,420.0,540.0,190.0,57619.047619047626,0.35897435897435903,0.5487179487179488,0.09230769230769233,0.0,Pittsburgh
15205,33,86,11,4,134,PA,4110.0,3480.0,1960.0,1100.0,1320.0,300.0,54900.16299918501,0.2462686567164179,0.6417910447761194,0.08208955223880597,0.02985074626865672,Pittsburgh
15206,35,63,7,3,108,PA,5220.0,4100.0,1870.0,1000.0,1350.0,700.0,56241.22191011236,0.3240740740740741,0.5833333333333334,0.06481481481481481,0.027777777777777776,Pittsburgh
15207,3,8,1,0,12,PA,2150.0,1550.0,710.0,440.0,400.0,30.0,44578.59848484849,0.25,0.6666666666666666,0.08333333333333333,0.0,Pittsburgh
15208,3,4,0,0,7,PA,2010.0,1050.0,410.0,220.0,400.0,390.0,59570.3125,0.42857142857142855,0.5714285714285714,0.0,0.0,Pittsburgh
15209,7,13,1,2,23,PA,2180.0,1730.0,1050.0,720.0,860.0,130.0,57308.845577211396,0.3043478260869565,0.5652173913043478,0.043478260869565216,0.08695652173913042,Millvale
15210,10,13,2,0,25,PA,5840.0,3770.0,1320.0,640.0,460.0,30.0,35603.23383084577,0.4,0.52,0.08,0.0,Pittsburgh
15211,11,13,0,0,24,PA,2040.0,2080.0,1040.0,500.0,580.0,180.0,53621.49532710281,0.4583333333333333,0.5416666666666666,0.0,0.0,Pittsburgh
15212,41,59,8,1,109,PA,5320.0,4200.0,1970.0,1040.0,1070.0,200.0,47001.8115942029,0.3761467889908257,0.5412844036697247,0.07339449541284404,0.009174311926605505,Pittsburgh
15213,51,118,18,3,190,PA,2550.0,1370.0,590.0,300.0,410.0,400.0,54782.02846975089,0.2684210526315789,0.6210526315789474,0.09473684210526316,0.015789473684210527,Pittsburgh
15214,4,1,0,0,5,PA,2940.0,1970.0,910.0,540.0,550.0,50.0,44504.31034482759,0.8,0.2,0.0,0.0,Pittsburgh
15215,15,28,6,3,52,PA,2070.0,1330.0,750.0,550.0,920.0,700.0,76542.72151898734,0.28846153846153844,0.5384615384615384,0.1153846153846154,0.0576923076923077,Pittsburgh
15216,28,40,10,0,78,PA,4000.0,3490.0,1840.0,1090.0,1490.0,400.0,58062.550771730304,0.35897435897435903,0.5128205128205128,0.1282051282051282,0.0,Pittsburgh
15217,52,74,13,4,143,PA,3440.0,2330.0,1600.0,1010.0,1970.0,1810.0,87726.15131578947,0.3636363636363637,0.5174825174825175,0.09090909090909093,0.02797202797202797,Pittsburgh
15218,7,18,2,1,28,PA,2510.0,1980.0,1030.0,650.0,830.0,300.0,58407.53424657534,0.25,0.6428571428571429,0.07142857142857142,0.03571428571428571,Swissvale
15219,32,60,7,2,101,PA,2690.0,1320.0,440.0,220.0,230.0,90.0,37449.899799599196,0.31683168316831684,0.594059405940594,0.06930693069306931,0.0198019801980198,Pittsburgh
15220,19,25,6,4,54,PA,2720.0,2300.0,1620.0,1220.0,1410.0,240.0,63065.1945320715,0.35185185185185186,0.462962962962963,0.1111111111111111,0.07407407407407407,Pittsburgh
15221,16,15,4,0,35,PA,6140.0,4420.0,1990.0,1160.0,1230.0,300.0,47760.826771653534,0.4571428571428571,0.42857142857142855,0.11428571428571427,0.0,Pittsburgh
15222,102,166,37,7,312,PA,660.0,510.0,430.0,300.0,510.0,430.0,93133.8028169014,0.3269230769230769,0.532051282051282,0.11858974358974357,0.02243589743589744,Pittsburgh
15223,9,13,1,1,24,PA,1470.0,1190.0,630.0,340.0,260.0,20.0,45044.75703324808,0.375,0.5416666666666666,0.04166666666666666,0.04166666666666666,Pittsburgh
15224,26,45,6,1,78,PA,2200.0,1970.0,820.0,270.0,330.0,90.0,43705.985915492965,0.3333333333333333,0.5769230769230769,0.07692307692307693,0.01282051282051282,Pittsburgh
15225,1,3,0,0,4,PA,230.0,200.0,90.0,50.0,40.0,0.0,43237.70491803279,0.25,0.75,0.0,0.0,Pittsburgh
15226,8,19,4,2,33,PA,2470.0,2170.0,1300.0,750.0,670.0,50.0,50219.29824561403,0.24242424242424246,0.5757575757575758,0.12121212121212123,0.060606060606060615,Pittsburgh
15227,13,21,3,0,37,PA,5100.0,4240.0,2500.0,1530.0,1670.0,190.0,53241.956664478006,0.35135135135135137,0.5675675675675675,0.08108108108108109,0.0,Pittsburgh
15228,21,31,4,2,58,PA,2360.0,1440.0,990.0,850.0,2000.0,1170.0,92196.36776390462,0.3620689655172414,0.5344827586206896,0.06896551724137931,0.03448275862068965,Pittsburgh
15229,6,20,3,1,30,PA,2360.0,1890.0,1360.0,910.0,1070.0,180.0,60553.410553410555,0.2,0.6666666666666666,0.1,0.03333333333333333,Pittsburgh
15232,44,58,5,2,109,PA,1290.0,1400.0,860.0,380.0,570.0,550.0,74975.24752475247,0.4036697247706422,0.5321100917431193,0.045871559633027525,0.01834862385321101,Pittsburgh
15233,5,18,2,0,25,PA,590.0,470.0,190.0,100.0,120.0,50.0,50082.23684210527,0.2,0.72,0.08,0.0,Pittsburgh
15234,17,34,2,0,53,PA,2380.0,2120.0,1240.0,800.0,960.0,150.0,57287.581699346396,0.3207547169811321,0.6415094339622641,0.03773584905660377,0.0,Castle Shannon
15235,16,32,4,0,52,PA,6500.0,5330.0,2840.0,1710.0,1670.0,300.0,50885.558583106256,0.3076923076923077,0.6153846153846154,0.07692307692307693,0.0,Pittsburgh
15236,21,49,5,0,75,PA,5020.0,3770.0,2690.0,1960.0,2630.0,390.0,62925.273390036455,0.28,0.6533333333333333,0.06666666666666668,0.0,Pittsburgh
15237,62,122,18,0,202,PA,6180.0,4160.0,3230.0,2720.0,4760.0,1630.0,79128.08641975309,0.3069306930693069,0.6039603960396039,0.0891089108910891,0.0,Pittsburgh
15238,18,23,5,3,49,PA,1840.0,1020.0,710.0,560.0,1180.0,1600.0,105879.16063675832,0.3673469387755102,0.4693877551020408,0.1020408163265306,0.061224489795918366,Pittsburgh
15239,7,14,1,0,22,PA,3430.0,2370.0,1720.0,1320.0,1890.0,300.0,64664.55122393473,0.3181818181818182,0.6363636363636364,0.045454545454545456,0.0,Pittsburgh
15241,20,48,15,2,85,PA,2700.0,1220.0,1010.0,940.0,2550.0,1890.0,104740.54316197867,0.2352941176470588,0.5647058823529412,0.17647058823529413,0.023529411764705882,Upper St Clair
15243,3,6,1,0,10,PA,1790.0,1030.0,950.0,900.0,1710.0,760.0,90423.66946778713,0.3,0.6,0.1,0.0,Pittsburgh
15317,32,66,7,2,107,PA,5700.0,3590.0,2620.0,2230.0,4450.0,1910.0,83402.43902439026,0.29906542056074764,0.616822429906542,0.06542056074766353,0.018691588785046728,McMurray
15321,2,3,0,0,5,PA,280.0,180.0,140.0,130.0,150.0,30.0,66346.15384615384,0.4,0.6,0.0,0.0,Cecil
15332,0,3,0,0,3,PA,1380.0,950.0,670.0,510.0,610.0,140.0,62411.971830985916,0.0,1.0,0.0,0.0,Clairton
15342,1,2,0,0,3,PA,870.0,610.0,390.0,290.0,370.0,50.0,58720.93023255814,0.3333333333333333,0.6666666666666666,0.0,0.0,Houston
15367,1,0,0,0,1,PA,1350.0,470.0,360.0,340.0,1010.0,980.0,107150.77605321507,1.0,0.0,0.0,0.0,Venetia
15632,3,4,3,0,10,PA,1550.0,870.0,580.0,460.0,920.0,420.0,77395.83333333331,0.3,0.4,0.3,0.0,Murrysville
15636,1,2,1,0,4,PA,590.0,310.0,200.0,210.0,510.0,160.0,84027.77777777777,0.25,0.5,0.25,0.0,Harrison City
15637,1,1,1,0,3,PA,360.0,230.0,160.0,90.0,90.0,0.0,47849.4623655914,0.3333333333333333,0.3333333333333333,0.3333333333333333,0.0,Herminie
15642,22,34,5,1,62,PA,7410.0,4750.0,3370.0,2750.0,4510.0,910.0,68607.59493670886,0.3548387096774194,0.5483870967741935,0.08064516129032258,0.016129032258064516,Irwin
15668,16,12,4,0,32,PA,2010.0,990.0,810.0,750.0,1700.0,760.0,88817.66381766382,0.5,0.375,0.125,0.0,Murrysville
16930,0,1,0,0,1,PA,200.0,130.0,110.0,70.0,80.0,0.0,54872.8813559322,0.0,1.0,0.0,0.0,Liberty
18447,2,0,0,0,2,PA,1960.0,1440.0,830.0,500.0,540.0,70.0,51053.37078651685,1.0,0.0,0.0,0.0,Scott Township
19355,4,6,2,0,12,PA,3260.0,1760.0,1360.0,1230.0,2760.0,2670.0,105895.32208588957,0.3333333333333333,0.5,0.16666666666666666,0.0,Frazer
19362,1,2,1,0,4,PA,840.0,680.0,420.0,270.0,360.0,70.0,59611.74242424241,0.25,0.5,0.25,0.0,Nottingham
19464,3,1,0,0,4,PA,8490.0,5530.0,3330.0,2230.0,3070.0,490.0,56168.971477960244,0.75,0.25,0.0,0.0,Stowe
23919,1,0,0,0,1,VA,390.0,270.0,170.0,110.0,130.0,30.0,56590.90909090909,1.0,0.0,0.0,0.0,Henderson
27560,0,1,0,0,1,NC,3150.0,2960.0,2460.0,2180.0,3460.0,1030.0,83423.55643044619,0.0,1.0,0.0,0.0,
28012,14,34,4,4,56,NC,3450.0,2540.0,1570.0,1030.0,1700.0,610.0,67350.91743119266,0.25,0.6071428571428571,0.07142857142857142,0.07142857142857142,Belmont
28016,1,0,0,0,1,NC,2400.0,1570.0,760.0,400.0,330.0,40.0,41977.27272727273,1.0,0.0,0.0,0.0,Gastonia
28025,18,44,15,5,82,NC,8730.0,6120.0,3200.0,2030.0,2380.0,610.0,53131.77286519289,0.2195121951219512,0.5365853658536586,0.18292682926829268,0.06097560975609756,Concord
28027,49,85,16,2,152,NC,10120.0,7110.0,4010.0,2940.0,4790.0,1420.0,64972.030273116165,0.3223684210526316,0.5592105263157895,0.10526315789473684,0.013157894736842105,Kannapolis
28031,43,72,12,3,130,NC,3760.0,2540.0,1920.0,1480.0,2710.0,1860.0,88524.87736510162,0.3307692307692308,0.5538461538461539,0.09230769230769233,0.02307692307692308,Cornelius
28032,2,3,0,1,6,NC,500.0,390.0,230.0,120.0,180.0,120.0,66720.77922077922,0.3333333333333333,0.5,0.0,0.16666666666666666,Cramerton
28034,1,7,1,0,9,NC,3130.0,2230.0,1170.0,670.0,620.0,60.0,46002.53807106599,0.1111111111111111,0.7777777777777778,0.1111111111111111,0.0,Dallas
28036,10,17,2,3,32,NC,1930.0,1130.0,890.0,750.0,1890.0,1470.0,104063.27543424316,0.3125,0.53125,0.0625,0.09375,Davidson
28037,1,0,0,0,1,NC,2800.0,1800.0,1300.0,1120.0,2270.0,1110.0,86514.42307692308,1.0,0.0,0.0,0.0,Lowesville
28052,8,21,5,0,34,NC,7410.0,4050.0,1580.0,640.0,520.0,80.0,34821.42857142857,0.2352941176470588,0.6176470588235294,0.14705882352941174,0.0,Gastonia
28054,26,37,11,2,76,NC,7190.0,4860.0,2210.0,1140.0,1140.0,230.0,44036.97078115684,0.34210526315789475,0.4868421052631579,0.14473684210526316,0.02631578947368421,Gastonia
28056,21,36,4,2,63,NC,5050.0,3460.0,2140.0,1530.0,2260.0,560.0,62633.33333333334,0.3333333333333333,0.5714285714285714,0.06349206349206349,0.031746031746031744,Gastonia
28075,7,21,3,0,31,NC,2450.0,1430.0,1030.0,1010.0,2400.0,670.0,85038.93214682981,0.2258064516129032,0.6774193548387096,0.0967741935483871,0.0,Harrisburg
28078,54,127,15,3,199,NC,6920.0,4760.0,3640.0,3050.0,6760.0,2680.0,87859.58288385473,0.271356783919598,0.6381909547738693,0.07537688442211055,0.01507537688442211,Huntersville
28079,17,45,7,2,71,NC,5150.0,3460.0,2540.0,2040.0,2880.0,510.0,65794.63208685162,0.23943661971830985,0.6338028169014085,0.09859154929577464,0.028169014084507043,Indian Trail
28081,5,3,0,0,8,NC,4840.0,3190.0,1520.0,860.0,1020.0,210.0,47755.58419243986,0.625,0.375,0.0,0.0,Kannapolis
28083,10,30,2,1,43,NC,4810.0,3290.0,1480.0,730.0,550.0,50.0,39860.2199816682,0.2325581395348837,0.6976744186046512,0.04651162790697674,0.02325581395348837,Kannapolis
28098,2,3,0,0,5,NC,730.0,540.0,280.0,140.0,150.0,0.0,44361.41304347825,0.4,0.6,0.0,0.0,Lowell
28101,0,1,0,0,1,NC,90.0,80.0,50.0,30.0,100.0,0.0,71071.42857142858,0.0,1.0,0.0,0.0,McAdenville
28104,12,24,5,2,43,NC,3780.0,2140.0,1640.0,1360.0,3140.0,1860.0,92313.21839080461,0.2790697674418605,0.5581395348837209,0.11627906976744184,0.04651162790697674,Matthews
28105,59,133,19,7,218,NC,6150.0,4260.0,2630.0,2040.0,3500.0,1230.0,71277.1327612317,0.2706422018348624,0.6100917431192661,0.0871559633027523,0.03211009174311927,Matthews
28107,1,1,0,0,2,NC,1160.0,750.0,540.0,430.0,530.0,100.0,62250.71225071225,0.5,0.5,0.0,0.0,Midland
28110,20,35,8,0,63,NC,8310.0,5850.0,3260.0,2070.0,2440.0,430.0,52845.48300536673,0.31746031746031744,0.5555555555555556,0.12698412698412698,0.0,Monroe
28112,4,11,4,0,19,NC,4510.0,3170.0,1610.0,940.0,970.0,150.0,47676.211453744494,0.21052631578947367,0.5789473684210527,0.21052631578947367,0.0,Monroe
28120,8,11,1,0,20,NC,3380.0,2420.0,1570.0,1030.0,1360.0,290.0,59477.611940298506,0.4,0.55,0.05,0.0,Mount Holly
28134,34,57,9,2,102,NC,1920.0,1450.0,760.0,510.0,690.0,160.0,57194.89981785064,0.3333333333333333,0.5588235294117647,0.08823529411764706,0.0196078431372549,Pineville
28164,2,4,0,0,6,NC,2290.0,1520.0,910.0,660.0,960.0,260.0,62007.57575757576,0.3333333333333333,0.6666666666666666,0.0,0.0,Stanley
28173,26,29,7,0,62,NC,6480.0,2980.0,2270.0,1900.0,5550.0,4010.0,100727.68434670118,0.41935483870967744,0.4677419354838709,0.1129032258064516,0.0,Waxhaw
28202,68,143,27,4,242,NC,1450.0,1590.0,1570.0,900.0,1470.0,650.0,83568.15203145478,0.2809917355371901,0.5909090909090909,0.1115702479338843,0.016528925619834708,Charlotte
28203,75,151,23,8,257,NC,2130.0,2150.0,1890.0,1030.0,1460.0,1240.0,85303.0303030303,0.2918287937743191,0.5875486381322957,0.08949416342412451,0.0311284046692607,Charlotte
28204,47,75,6,1,129,NC,980.0,1040.0,770.0,410.0,590.0,410.0,77678.57142857142,0.3643410852713178,0.5813953488372093,0.04651162790697674,0.007751937984496123,Charlotte
28205,62,113,15,4,194,NC,9200.0,6330.0,2820.0,1430.0,2130.0,840.0,52010.98901098901,0.31958762886597936,0.5824742268041238,0.07731958762886597,0.020618556701030927,Charlotte
28206,12,22,3,1,38,NC,3440.0,1530.0,430.0,150.0,200.0,40.0,31152.849740932637,0.3157894736842105,0.5789473684210527,0.07894736842105263,0.02631578947368421,Charlotte
28207,9,13,0,1,23,NC,840.0,540.0,380.0,290.0,540.0,1770.0,138388.7614678899,0.39130434782608703,0.5652173913043478,0.0,0.043478260869565216,Charlotte
28208,45,73,11,3,132,NC,10290.0,4780.0,1260.0,460.0,450.0,100.0,29952.42214532872,0.3409090909090909,0.553030303030303,0.08333333333333333,0.022727272727272728,Charlotte
28209,42,74,11,6,133,NC,2820.0,2730.0,1940.0,1040.0,1810.0,1440.0,83308.57385398983,0.3157894736842105,0.556390977443609,0.08270676691729323,0.045112781954887216,Charlotte
28210,63,128,17,0,208,NC,6610.0,5260.0,2880.0,1900.0,3700.0,2260.0,77227.99646174259,0.30288461538461536,0.6153846153846154,0.08173076923076923,0.0,Charlotte
28211,33,59,10,5,107,NC,3630.0,2380.0,1470.0,1090.0,2320.0,2980.0,102009.7332372026,0.308411214953271,0.5514018691588785,0.09345794392523364,0.04672897196261682,Charlotte
28212,11,26,0,1,38,NC,9400.0,5680.0,1600.0,620.0,480.0,60.0,32048.7668161435,0.2894736842105263,0.6842105263157895,0.0,0.02631578947368421,Charlotte
28213,25,35,10,2,72,NC,8950.0,5480.0,2250.0,1120.0,1070.0,130.0,39421.05263157895,0.3472222222222222,0.4861111111111111,0.1388888888888889,0.027777777777777776,Charlotte
28214,9,13,2,1,25,NC,7250.0,5590.0,2760.0,1380.0,1470.0,330.0,47736.95420660277,0.36,0.52,0.08,0.04,Charlotte
28215,13,18,2,0,33,NC,12290.0,7790.0,3190.0,1630.0,1550.0,250.0,40552.43445692884,0.3939393939393939,0.5454545454545454,0.060606060606060615,0.0,Charlotte
28216,18,39,6,2,65,NC,11490.0,7960.0,3360.0,1540.0,1520.0,340.0,41963.94505913773,0.2769230769230769,0.6,0.09230769230769233,0.030769230769230767,Charlotte
28217,40,78,16,0,134,NC,6180.0,3830.0,1510.0,790.0,520.0,60.0,37034.5228859581,0.29850746268656714,0.582089552238806,0.11940298507462685,0.0,Charlotte
28226,23,28,5,0,56,NC,5150.0,3680.0,2340.0,1620.0,3310.0,2930.0,90350.7619548082,0.4107142857142857,0.5,0.08928571428571429,0.0,Charlotte
28227,17,43,5,1,66,NC,10360.0,6880.0,3260.0,2060.0,2730.0,720.0,52326.02845059593,0.2575757575757576,0.6515151515151515,0.07575757575757576,0.015151515151515154,Matthews
28262,70,121,21,3,215,NC,7410.0,5290.0,2760.0,1550.0,1390.0,250.0,46655.49597855229,0.32558139534883723,0.5627906976744186,0.09767441860465116,0.013953488372093023,Charlotte
28269,40,65,16,4,125,NC,12890.0,9790.0,5710.0,3420.0,4420.0,880.0,55709.37752627325,0.32,0.52,0.128,0.032,Charlotte
28270,21,30,13,3,67,NC,3940.0,2610.0,1850.0,1430.0,3200.0,2210.0,93200.45931758534,0.31343283582089554,0.4477611940298508,0.19402985074626866,0.04477611940298507,Charlotte
28273,40,77,18,3,138,NC,6180.0,5530.0,2980.0,1540.0,1540.0,180.0,49115.598885793865,0.2898550724637681,0.5579710144927537,0.13043478260869565,0.021739130434782608,Charlotte
28277,100,199,41,7,347,NC,7420.0,4790.0,4090.0,3190.0,7400.0,4680.0,97786.66455495724,0.2881844380403458,0.5734870317002881,0.1181556195965418,0.02017291066282421,Charlotte
28278,10,19,4,0,33,NC,3380.0,2800.0,2090.0,1520.0,2750.0,940.0,78514.46587537092,0.30303030303030304,0.5757575757575758,0.12121212121212123,0.0,Charlotte
28451,0,1,0,0,1,NC,4970.0,3810.0,2280.0,1720.0,2270.0,480.0,61719.25305859628,0.0,1.0,0.0,0.0,Waterford
28730,1,6,0,0,7,NC,1600.0,990.0,610.0,420.0,580.0,260.0,63677.13004484305,0.14285714285714285,0.8571428571428571,0.0,0.0,Fairview
29707,20,16,4,5,45,SC,2860.0,2500.0,1980.0,1840.0,3330.0,890.0,84794.77611940299,0.4444444444444444,0.3555555555555556,0.08888888888888889,0.1111111111111111,Fort Mill
29708,39,66,13,1,119,SC,3430.0,2210.0,1870.0,1680.0,4070.0,1760.0,95880.49267643144,0.3277310924369748,0.5546218487394958,0.1092436974789916,0.008403361344537815,Fort Mill
29710,3,3,1,0,7,SC,4920.0,3520.0,2370.0,1620.0,2530.0,870.0,68248.57864813645,0.42857142857142855,0.42857142857142855,0.14285714285714285,0.0,Lake Wylie
29715,21,30,5,3,59,SC,4310.0,2940.0,1970.0,1610.0,3100.0,1070.0,77375.0,0.3559322033898305,0.5084745762711864,0.0847457627118644,0.05084745762711865,Fort Mill
41076,0,1,0,0,1,KY,2520.0,1990.0,1250.0,820.0,1180.0,300.0,63027.2952853598,0.0,1.0,0.0,0.0,Highland Heights
44001,9,23,6,1,39,OH,3530.0,2560.0,1920.0,1270.0,1530.0,280.0,60482.416591523885,0.2307692307692308,0.5897435897435898,0.15384615384615385,0.02564102564102564,Amherst
44011,29,57,7,1,94,OH,2850.0,1580.0,1560.0,1230.0,2750.0,1210.0,90787.11985688731,0.30851063829787234,0.6063829787234043,0.07446808510638298,0.010638297872340424,Avon
44012,16,22,7,0,45,OH,3300.0,2050.0,1870.0,1460.0,2560.0,1260.0,84940.0,0.3555555555555556,0.4888888888888889,0.15555555555555556,0.0,Avon Lake
44017,11,24,2,1,38,OH,2820.0,2420.0,1630.0,970.0,1010.0,110.0,54882.8125,0.2894736842105263,0.631578947368421,0.05263157894736842,0.02631578947368421,Berea
44021,5,4,1,1,11,OH,920.0,800.0,490.0,290.0,310.0,50.0,54720.279720279716,0.4545454545454545,0.3636363636363637,0.09090909090909093,0.09090909090909093,Burton
44022,11,31,5,0,47,OH,2220.0,1060.0,900.0,730.0,1810.0,2090.0,111421.67990919408,0.23404255319148934,0.6595744680851063,0.10638297872340426,0.0,Chagrin Falls
44023,9,22,4,0,35,OH,2590.0,1420.0,1080.0,970.0,2020.0,1460.0,94968.55345911949,0.2571428571428571,0.6285714285714286,0.11428571428571427,0.0,Chagrin Falls
44024,7,16,5,0,28,OH,3780.0,2400.0,1810.0,1330.0,2140.0,600.0,69465.17412935324,0.25,0.5714285714285714,0.17857142857142858,0.0,Chardon
44026,5,13,3,0,21,OH,1770.0,1120.0,990.0,750.0,1060.0,350.0,72537.25165562914,0.2380952380952381,0.6190476190476191,0.14285714285714285,0.0,Chesterland
44028,2,2,1,0,5,OH,1490.0,1100.0,790.0,530.0,720.0,180.0,64163.20166320166,0.4,0.4,0.2,0.0,Columbia Station
44035,17,26,4,2,49,OH,12580.0,8920.0,4390.0,2330.0,1820.0,210.0,42826.44628099174,0.3469387755102041,0.5306122448979592,0.08163265306122447,0.040816326530612235,Sheffield Village
44039,12,14,2,1,29,OH,4670.0,4090.0,3150.0,2380.0,2850.0,330.0,64503.4344590727,0.4137931034482759,0.4827586206896552,0.06896551724137931,0.03448275862068965,North Ridgeville
44040,3,2,0,0,5,OH,360.0,180.0,150.0,170.0,330.0,490.0,123511.90476190475,0.6,0.4,0.0,0.0,Mayfield
44044,0,6,1,0,7,OH,1970.0,1480.0,1100.0,650.0,810.0,150.0,59212.66233766233,0.0,0.8571428571428571,0.14285714285714285,0.0,Grafton
44045,2,0,0,0,2,OH,80.0,90.0,40.0,30.0,30.0,0.0,51851.851851851854,1.0,0.0,0.0,0.0,Grand River
44050,2,0,0,0,2,OH,940.0,800.0,560.0,390.0,460.0,60.0,60708.72274143303,1.0,0.0,0.0,0.0,Lagrange
44052,2,6,0,0,8,OH,6640.0,3580.0,1390.0,640.0,410.0,40.0,33986.220472440946,0.25,0.75,0.0,0.0,Lorain
44053,3,7,3,1,14,OH,3680.0,2410.0,1450.0,920.0,920.0,100.0,49630.80168776371,0.21428571428571427,0.5,0.21428571428571427,0.07142857142857142,Lorain
44054,2,3,2,0,7,OH,2120.0,1700.0,1120.0,670.0,640.0,100.0,53523.62204724409,0.2857142857142857,0.42857142857142855,0.2857142857142857,0.0,Sheffield Village
44055,1,2,0,0,3,OH,4590.0,2360.0,810.0,290.0,190.0,0.0,30385.31553398058,0.3333333333333333,0.6666666666666666,0.0,0.0,Lorain
44056,10,29,4,0,43,OH,1770.0,1270.0,1120.0,860.0,1200.0,290.0,71812.59600614439,0.2325581395348837,0.6744186046511628,0.09302325581395347,0.0,Macedonia
44060,59,116,23,3,201,OH,9940.0,7680.0,5680.0,3910.0,4810.0,980.0,62905.303030303025,0.2935323383084577,0.5771144278606966,0.11442786069651742,0.01492537313432836,Mentor
44062,5,8,1,1,15,OH,2040.0,1900.0,850.0,470.0,320.0,60.0,45035.4609929078,0.3333333333333333,0.5333333333333333,0.06666666666666668,0.06666666666666668,Middlefield
44065,2,4,2,0,8,OH,670.0,520.0,360.0,230.0,290.0,90.0,63194.444444444445,0.25,0.5,0.25,0.0,Newbury
44067,9,23,5,0,37,OH,3210.0,2570.0,1960.0,1380.0,1720.0,400.0,65636.12099644128,0.2432432432432433,0.6216216216216216,0.13513513513513514,0.0,Northfield
44070,34,69,10,2,115,OH,5750.0,4280.0,3000.0,2000.0,2080.0,250.0,55839.57373271888,0.2956521739130435,0.6,0.08695652173913042,0.017391304347826087,North Olmsted
44072,0,2,0,0,2,OH,650.0,420.0,320.0,260.0,460.0,330.0,89395.4918032787,0.0,1.0,0.0,0.0,Novelty
44077,21,28,2,1,52,OH,9890.0,7200.0,4440.0,2780.0,3500.0,940.0,58239.130434782615,0.40384615384615385,0.5384615384615384,0.038461538461538464,0.019230769230769232,Painesville
44087,14,27,8,1,50,OH,3380.0,2310.0,1810.0,1270.0,2020.0,510.0,69347.34513274336,0.28,0.54,0.16,0.02,Twinsburg
44092,9,15,4,1,29,OH,3050.0,2710.0,1510.0,790.0,800.0,130.0,50695.216907675196,0.3103448275862069,0.5172413793103449,0.13793103448275862,0.03448275862068965,Willoughby Hills
44094,27,56,9,2,94,OH,6130.0,4800.0,3270.0,2130.0,2650.0,880.0,63689.57703927493,0.2872340425531915,0.5957446808510638,0.09574468085106384,0.02127659574468085,Kirtland
44095,17,21,2,0,40,OH,6200.0,5370.0,3040.0,1670.0,1280.0,150.0,47684.92377188028,0.425,0.525,0.05,0.0,Willowick
44102,21,47,11,1,80,OH,9390.0,5000.0,1630.0,610.0,600.0,170.0,34058.90804597701,0.2625,0.5875,0.1375,0.0125,Cleveland
44103,10,21,3,1,35,OH,3550.0,1520.0,340.0,120.0,90.0,20.0,26883.86524822695,0.2857142857142857,0.6,0.08571428571428573,0.028571428571428567,Cleveland
44104,1,2,0,0,3,OH,5070.0,1500.0,320.0,80.0,40.0,0.0,21772.46790299572,0.3333333333333333,0.6666666666666666,0.0,0.0,Cleveland
44105,2,5,0,0,7,OH,8510.0,4270.0,1140.0,340.0,200.0,0.0,27489.626556016603,0.2857142857142857,0.7142857142857143,0.0,0.0,Cuyahoga Heights
44106,25,59,8,4,96,OH,3890.0,2010.0,880.0,400.0,620.0,510.0,52286.401925391096,0.2604166666666667,0.6145833333333334,0.08333333333333333,0.04166666666666666,Cleveland Heights
44107,67,102,18,8,195,OH,9020.0,8350.0,4540.0,2300.0,2640.0,750.0,54144.02173913043,0.3435897435897436,0.5230769230769231,0.09230769230769233,0.04102564102564103,Lakewood
44108,4,5,0,0,9,OH,5310.0,2530.0,630.0,230.0,250.0,160.0,32738.74862788145,0.4444444444444444,0.5555555555555556,0.0,0.0,Bratenahl
44109,11,33,6,1,51,OH,9030.0,5230.0,1930.0,760.0,530.0,30.0,33302.398629354655,0.21568627450980396,0.6470588235294118,0.1176470588235294,0.0196078431372549,Cleveland
44110,8,11,1,1,21,OH,4330.0,2070.0,540.0,170.0,120.0,0.0,27437.759336099585,0.3809523809523809,0.5238095238095238,0.047619047619047616,0.047619047619047616,Cleveland
44111,21,44,2,3,70,OH,8640.0,6000.0,2610.0,1240.0,960.0,110.0,39679.19222903885,0.3,0.6285714285714286,0.028571428571428567,0.042857142857142864,Cleveland
44112,1,9,3,1,14,OH,4760.0,2110.0,600.0,220.0,160.0,0.0,27945.859872611465,0.07142857142857142,0.6428571428571429,0.21428571428571427,0.07142857142857142,Cleveland
44113,97,143,26,3,269,OH,2760.0,2240.0,1540.0,690.0,810.0,390.0,58615.065243179124,0.3605947955390335,0.5315985130111525,0.0966542750929368,0.011152416356877323,Cleveland
44114,38,65,12,1,116,OH,1240.0,740.0,490.0,200.0,250.0,220.0,58558.917197452225,0.3275862068965517,0.5603448275862069,0.10344827586206896,0.008620689655172414,Cleveland
44115,26,59,9,2,96,OH,1650.0,500.0,320.0,120.0,170.0,70.0,39885.15901060071,0.2708333333333333,0.6145833333333334,0.09375,0.02083333333333333,Cleveland
44116,32,57,18,4,111,OH,3080.0,2200.0,1790.0,1180.0,2170.0,1150.0,82033.275713051,0.2882882882882883,0.5135135135135135,0.16216216216216214,0.036036036036036036,Rocky River
44117,2,3,1,0,6,OH,2090.0,1370.0,590.0,280.0,200.0,0.0,37279.24944812362,0.3333333333333333,0.5,0.16666666666666666,0.0,Euclid
44118,27,64,14,2,107,OH,6120.0,4190.0,2650.0,1630.0,2450.0,890.0,63127.44004461796,0.2523364485981308,0.5981308411214953,0.1308411214953271,0.018691588785046728,South Euclid
44119,5,11,1,0,17,OH,2590.0,2010.0,880.0,370.0,310.0,40.0,40584.67741935484,0.29411764705882354,0.6470588235294118,0.05882352941176471,0.0,Cleveland
44120,10,32,2,2,46,OH,7120.0,4030.0,1470.0,780.0,1110.0,800.0,50081.64598301764,0.21739130434782608,0.6956521739130435,0.043478260869565216,0.043478260869565216,Cleveland
44121,19,29,1,2,51,OH,6260.0,4640.0,2580.0,1330.0,1310.0,170.0,47199.20196439533,0.3725490196078432,0.5686274509803921,0.0196078431372549,0.0392156862745098,South Euclid
44122,52,109,11,2,174,OH,4750.0,3130.0,2180.0,1500.0,2790.0,2500.0,88293.76854599408,0.2988505747126437,0.6264367816091954,0.06321839080459771,0.011494252873563218,Woodmere
44123,8,6,0,0,14,OH,3810.0,2860.0,1060.0,490.0,370.0,50.0,38425.925925925934,0.5714285714285714,0.42857142857142855,0.0,0.0,Euclid
44124,46,68,15,4,133,OH,6080.0,5040.0,3560.0,2250.0,2710.0,1500.0,69341.29612109745,0.3458646616541353,0.5112781954887218,0.11278195488721805,0.030075187969924814,Mayfield Heights
44125,14,19,2,0,35,OH,5820.0,4550.0,1930.0,870.0,680.0,60.0,40052.12077641984,0.4,0.5428571428571428,0.057142857142857134,0.0,Garfield Heights
44126,17,37,3,1,58,OH,2770.0,2290.0,1730.0,1090.0,1260.0,270.0,61689.691817215724,0.29310344827586204,0.6379310344827587,0.05172413793103448,0.017241379310344827,Fairview Park
44127,0,2,0,0,2,OH,1060.0,380.0,80.0,30.0,0.0,0.0,22661.290322580644,0.0,1.0,0.0,0.0,Cleveland
44128,6,14,3,1,24,OH,6840.0,4520.0,1380.0,470.0,290.0,20.0,31869.45266272189,0.25,0.5833333333333334,0.125,0.04166666666666666,Cleveland
44129,26,60,9,3,98,OH,5320.0,4640.0,2550.0,1370.0,1000.0,90.0,46242.484969939884,0.2653061224489796,0.6122448979591837,0.09183673469387756,0.030612244897959183,Cleveland
44130,51,95,8,3,157,OH,9700.0,7790.0,4800.0,2800.0,2360.0,280.0,49851.244139920665,0.3248407643312102,0.6050955414012739,0.050955414012738856,0.01910828025477707,Brooklyn
44131,13,28,8,2,51,OH,3220.0,2300.0,2020.0,1460.0,1960.0,500.0,69764.39790575916,0.2549019607843137,0.5490196078431373,0.1568627450980392,0.0392156862745098,Seven Hills
44132,3,3,1,0,7,OH,3310.0,2240.0,920.0,390.0,260.0,40.0,37150.83798882682,0.42857142857142855,0.42857142857142855,0.14285714285714285,0.0,Euclid
44133,22,34,4,0,60,OH,4960.0,4010.0,2640.0,1830.0,2650.0,710.0,66220.23809523809,0.36666666666666653,0.5666666666666667,0.06666666666666668,0.0,North Royalton
44134,12,42,11,4,69,OH,7080.0,6120.0,3590.0,1900.0,1470.0,100.0,47094.02764067127,0.17391304347826084,0.6086956521739131,0.15942028985507245,0.05797101449275361,Parma
44135,15,28,6,1,50,OH,5700.0,3970.0,1750.0,760.0,450.0,30.0,37203.79146919432,0.3,0.56,0.12,0.02,Cleveland
44136,37,47,12,1,97,OH,3930.0,2710.0,2130.0,1640.0,2410.0,650.0,70629.17594654787,0.38144329896907214,0.4845360824742268,0.12371134020618554,0.010309278350515464,Strongsville
44137,5,9,0,0,14,OH,5270.0,3730.0,1450.0,560.0,350.0,0.0,35024.207746478874,0.35714285714285715,0.6428571428571429,0.0,0.0,Maple Heights
44138,9,14,2,0,25,OH,3540.0,2670.0,1950.0,1410.0,1940.0,380.0,65233.38940285954,0.36,0.56,0.08,0.0,Olmsted Township
44139,28,34,10,2,74,OH,3410.0,1870.0,1540.0,1250.0,2580.0,1680.0,91271.28953771289,0.3783783783783784,0.4594594594594595,0.13513513513513514,0.027027027027027032,Solon
44140,3,3,1,0,7,OH,1940.0,1120.0,1240.0,960.0,1870.0,880.0,90917.60299625467,0.42857142857142855,0.42857142857142855,0.14285714285714285,0.0,Bay Village
44141,8,10,2,0,20,OH,1830.0,1010.0,960.0,850.0,1740.0,910.0,93647.2602739726,0.4,0.5,0.1,0.0,Brecksville
44142,7,11,5,0,23,OH,3920.0,3190.0,1740.0,900.0,640.0,30.0,44109.884836852216,0.3043478260869565,0.4782608695652174,0.21739130434782608,0.0,Brook Park
44143,12,35,5,0,52,OH,4140.0,2830.0,2020.0,1360.0,2110.0,800.0,69353.31825037707,0.2307692307692308,0.6730769230769231,0.09615384615384616,0.0,Cleveland
44144,16,34,2,1,53,OH,4430.0,3800.0,1770.0,800.0,500.0,50.0,41057.268722466964,0.3018867924528302,0.6415094339622641,0.03773584905660377,0.018867924528301886,Brooklyn
44145,49,98,13,4,164,OH,4930.0,3140.0,2710.0,1870.0,3040.0,2010.0,83100.28248587571,0.29878048780487804,0.5975609756097561,0.07926829268292683,0.024390243902439025,Westlake
44146,16,18,3,0,37,OH,6070.0,5150.0,2350.0,1070.0,800.0,80.0,41849.22680412371,0.4324324324324325,0.4864864864864865,0.08108108108108109,0.0,Oakwood Village
44147,14,20,2,2,38,OH,2960.0,2190.0,1590.0,1190.0,1980.0,790.0,76366.82242990655,0.3684210526315789,0.5263157894736842,0.05263157894736842,0.05263157894736842,Broadview Heights
44149,12,13,2,0,27,OH,2860.0,1830.0,1610.0,1320.0,2210.0,780.0,79830.34872761546,0.4444444444444444,0.4814814814814815,0.07407407407407407,0.0,Strongsville
44202,12,34,4,1,51,OH,2960.0,1800.0,1550.0,1190.0,2370.0,1010.0,83961.39705882352,0.2352941176470588,0.6666666666666666,0.0784313725490196,0.0196078431372549,Aurora
44212,22,29,8,2,61,OH,7390.0,5670.0,4100.0,2820.0,3370.0,390.0,59435.55181128896,0.3606557377049181,0.4754098360655738,0.13114754098360654,0.032786885245901634,Brunswick
44221,21,46,6,4,77,OH,5340.0,5290.0,2790.0,1270.0,890.0,70.0,44832.26837060703,0.2727272727272727,0.5974025974025974,0.07792207792207792,0.05194805194805195,Cuyahoga Falls
44223,12,24,5,3,44,OH,2920.0,2310.0,1690.0,1090.0,1260.0,360.0,62629.802699896165,0.2727272727272727,0.5454545454545454,0.11363636363636365,0.06818181818181818,Cuyahoga Falls
44224,21,44,7,1,73,OH,6130.0,4560.0,3260.0,2250.0,3230.0,700.0,64965.22603079981,0.2876712328767123,0.6027397260273972,0.0958904109589041,0.0136986301369863,Stow
44233,0,3,0,0,3,OH,1180.0,650.0,580.0,440.0,870.0,480.0,86755.95238095237,0.0,1.0,0.0,0.0,Hinckley
44234,1,0,1,0,2,OH,550.0,440.0,300.0,190.0,230.0,60.0,61158.19209039548,0.5,0.0,0.5,0.0,Burton
44236,27,56,10,0,93,OH,3200.0,1320.0,1310.0,1170.0,3190.0,2340.0,106723.86272944932,0.2903225806451613,0.6021505376344086,0.10752688172043012,0.0,Hudson
44240,33,74,13,5,125,OH,6370.0,3730.0,2250.0,1480.0,1830.0,340.0,53070.3125,0.264,0.5920000000000001,0.10400000000000001,0.04,Kent
44241,16,32,6,1,55,OH,3010.0,2560.0,1540.0,900.0,1020.0,130.0,53943.777292576415,0.2909090909090909,0.5818181818181818,0.10909090909090907,0.01818181818181818,Streetsboro
44253,1,1,0,0,2,OH,550.0,460.0,290.0,240.0,270.0,40.0,61486.48648648649,0.5,0.5,0.0,0.0,Litchfield
44255,2,1,1,0,4,OH,1330.0,1100.0,650.0,420.0,420.0,70.0,54072.681704260656,0.5,0.25,0.25,0.0,Mantua
44256,32,81,12,3,128,OH,9650.0,6280.0,4740.0,3670.0,5980.0,1940.0,73016.11903285803,0.25,0.6328125,0.09375,0.0234375,Medina
44260,0,1,0,0,1,OH,2310.0,1790.0,1190.0,770.0,720.0,130.0,54739.507959479015,0.0,1.0,0.0,0.0,Kent
44262,3,4,0,0,7,OH,770.0,630.0,460.0,320.0,420.0,70.0,63857.67790262173,0.42857142857142855,0.5714285714285714,0.0,0.0,Munroe Falls
44264,7,6,1,0,14,OH,400.0,300.0,230.0,170.0,270.0,120.0,77852.34899328859,0.5,0.42857142857142855,0.07142857142857142,0.0,Peninsula
44278,6,16,0,0,22,OH,3010.0,2210.0,1610.0,1130.0,1230.0,250.0,60063.5593220339,0.2727272727272727,0.7272727272727273,0.0,0.0,Tallmadge
44280,1,3,1,0,5,OH,770.0,620.0,440.0,420.0,540.0,110.0,70905.1724137931,0.2,0.6,0.2,0.0,Brunswick Hills
44281,1,0,0,0,1,OH,4570.0,3500.0,2490.0,1710.0,2480.0,720.0,67590.49773755656,1.0,0.0,0.0,0.0,Medina
44286,6,15,1,0,22,OH,920.0,580.0,430.0,360.0,550.0,500.0,89558.38323353294,0.2727272727272727,0.6818181818181818,0.045454545454545456,0.0,Richfield
44320,1,2,0,0,3,OH,4440.0,2620.0,980.0,440.0,340.0,50.0,35738.444193912066,0.3333333333333333,0.6666666666666666,0.0,0.0,Fairlawn
44321,2,4,1,1,8,OH,1910.0,1420.0,1130.0,920.0,1590.0,700.0,83670.14341590612,0.25,0.5,0.125,0.125,Copley
44333,30,38,6,3,77,OH,2510.0,1470.0,1290.0,1050.0,1950.0,1340.0,92247.65868886576,0.3896103896103896,0.4935064935064935,0.07792207792207792,0.03896103896103896,Fairlawn
44428,1,1,0,0,2,OH,630.0,420.0,230.0,120.0,110.0,0.0,43046.35761589404,0.5,0.5,0.0,0.0,Kinsman
45069,0,1,0,0,1,OH,7110.0,4810.0,3530.0,2920.0,5480.0,2000.0,79975.82205029014,0.0,1.0,0.0,0.0,Chester Township
45612,1,2,0,0,3,OH,830.0,560.0,300.0,130.0,110.0,0.0,40414.507772020734,0.3333333333333333,0.6666666666666666,0.0,0.0,Bainbridge
46501,0,1,0,0,1,IN,660.0,490.0,250.0,160.0,130.0,0.0,44822.485207100595,0.0,1.0,0.0,0.0,Argos
46773,1,1,0,0,2,IN,610.0,440.0,300.0,230.0,170.0,30.0,53932.58426966292,0.5,0.5,0.0,0.0,Monroeville
47250,23,18,4,1,46,IN,4020.0,2550.0,1420.0,930.0,980.0,210.0,50989.1196834817,0.5,0.39130434782608703,0.08695652173913042,0.021739130434782608,Madison
53207,1,0,0,0,1,WI,5700.0,5540.0,3410.0,1970.0,2020.0,230.0,54319.024907260195,1.0,0.0,0.0,0.0,Bayview
53508,4,3,0,1,8,WI,660.0,610.0,460.0,360.0,510.0,80.0,70102.61194029849,0.5,0.375,0.0,0.125,Paoli
53515,0,3,0,0,3,WI,330.0,270.0,220.0,170.0,210.0,60.0,70932.53968253969,0.0,1.0,0.0,0.0,Black Earth
53521,1,1,1,0,3,WI,500.0,380.0,270.0,240.0,390.0,80.0,73588.70967741935,0.3333333333333333,0.3333333333333333,0.3333333333333333,0.0,Brooklyn
53527,2,7,3,0,12,WI,1370.0,930.0,760.0,630.0,1300.0,270.0,79301.33079847909,0.16666666666666666,0.5833333333333334,0.25,0.0,Cottage Grove
53528,6,8,0,0,14,WI,800.0,650.0,450.0,390.0,660.0,190.0,77428.34394904459,0.42857142857142855,0.5714285714285714,0.0,0.0,Cross Plains
53529,0,2,1,0,3,WI,270.0,260.0,140.0,130.0,210.0,50.0,72877.35849056604,0.0,0.6666666666666666,0.3333333333333333,0.0,Dane
53532,6,6,3,1,16,WI,1910.0,1540.0,1050.0,1010.0,1570.0,260.0,73041.55313351499,0.375,0.375,0.1875,0.0625,DeForest
53558,8,11,0,0,19,WI,1530.0,1110.0,860.0,790.0,1450.0,330.0,79674.62932454696,0.42105263157894735,0.5789473684210527,0.0,0.0,Mc Farland
53562,43,79,12,5,139,WI,3520.0,2960.0,2030.0,1460.0,2830.0,1670.0,86497.92674498963,0.30935251798561153,0.5683453237410072,0.08633093525179858,0.03597122302158273,Middleton
53565,0,1,0,0,1,WI,780.0,600.0,360.0,260.0,310.0,60.0,58649.78902953588,0.0,1.0,0.0,0.0,Madison
53572,6,10,1,0,17,WI,1410.0,1020.0,680.0,560.0,1060.0,260.0,74423.84769539077,0.35294117647058826,0.5882352941176471,0.05882352941176471,0.0,Mount Horeb
53575,5,15,1,0,21,WI,2020.0,1500.0,1170.0,920.0,1910.0,540.0,81467.12158808933,0.2380952380952381,0.7142857142857143,0.047619047619047616,0.0,Oregon
53589,12,31,5,1,49,WI,3040.0,2340.0,1510.0,1210.0,1740.0,340.0,66011.78781925344,0.24489795918367346,0.6326530612244898,0.1020408163265306,0.020408163265306117,Stoughton
53590,34,56,8,1,99,WI,5360.0,4620.0,3110.0,2450.0,3990.0,870.0,71813.72549019607,0.3434343434343434,0.5656565656565656,0.08080808080808081,0.010101010101010102,Sun Prairie
53593,18,25,4,0,47,WI,2820.0,1960.0,1610.0,1320.0,3220.0,1560.0,95906.72538030424,0.3829787234042553,0.5319148936170213,0.0851063829787234,0.0,Verona
53597,17,9,0,2,28,WI,2420.0,1610.0,1070.0,1010.0,2350.0,1060.0,90690.6512605042,0.6071428571428571,0.32142857142857145,0.0,0.07142857142857142,Waunakee
53598,3,4,1,0,8,WI,390.0,390.0,260.0,190.0,350.0,60.0,73094.51219512195,0.375,0.5,0.125,0.0,De Forest
53703,79,174,29,5,287,WI,5400.0,3780.0,1950.0,1120.0,1420.0,510.0,54275.387870239785,0.27526132404181186,0.6062717770034843,0.1010452961672474,0.017421602787456445,Madison
53704,63,125,25,2,215,WI,8040.0,7490.0,4080.0,2370.0,2550.0,610.0,54842.879872712816,0.2930232558139535,0.5813953488372093,0.11627906976744184,0.009302325581395349,Madison
53705,26,57,3,2,88,WI,3270.0,2620.0,1830.0,1240.0,2410.0,1240.0,81958.76288659793,0.2954545454545455,0.6477272727272727,0.03409090909090909,0.022727272727272728,Madison
53706,9,8,0,0,17,WI,150.0,30.0,0.0,0.0,0.0,0.0,16666.666666666668,0.5294117647058824,0.4705882352941176,0.0,0.0,Madison
53711,33,68,15,4,120,WI,6540.0,5200.0,3590.0,2790.0,4840.0,1910.0,78357.45878568558,0.275,0.5666666666666667,0.125,0.03333333333333333,Madison
53713,8,42,5,2,57,WI,4700.0,4110.0,1460.0,600.0,560.0,160.0,41468.938740293364,0.14035087719298245,0.7368421052631579,0.08771929824561403,0.03508771929824561,Madison
53714,12,18,4,1,35,WI,2950.0,2760.0,1580.0,910.0,790.0,70.0,50193.15673289184,0.3428571428571429,0.5142857142857142,0.11428571428571427,0.028571428571428567,Madison
53715,25,50,6,3,84,WI,1850.0,970.0,530.0,320.0,320.0,80.0,46345.208845208836,0.2976190476190476,0.5952380952380952,0.07142857142857142,0.03571428571428571,Madison
53716,29,40,9,0,78,WI,2930.0,2620.0,1750.0,1350.0,1570.0,300.0,63961.501901140684,0.3717948717948718,0.5128205128205128,0.1153846153846154,0.0,Madison
53717,15,38,12,2,67,WI,1560.0,1300.0,1020.0,770.0,1320.0,640.0,84322.99546142209,0.22388059701492535,0.5671641791044776,0.1791044776119403,0.02985074626865672,Madison
53718,12,15,3,1,31,WI,1780.0,2180.0,1600.0,1150.0,1390.0,210.0,68065.58363417571,0.3870967741935484,0.4838709677419355,0.0967741935483871,0.03225806451612903,Madison
53719,50,79,23,5,157,WI,3970.0,4340.0,2860.0,1930.0,3020.0,590.0,69449.4314781568,0.3184713375796178,0.5031847133757962,0.1464968152866242,0.03184713375796178,Madison
53726,3,6,0,0,9,WI,760.0,310.0,170.0,100.0,370.0,270.0,82575.75757575758,0.3333333333333333,0.6666666666666666,0.0,0.0,Madison
54558,0,0,1,0,1,WI,420.0,300.0,170.0,100.0,130.0,40.0,56357.758620689645,0.0,0.0,1.0,0.0,Vilas
54849,0,1,0,0,1,WI,280.0,200.0,150.0,140.0,150.0,30.0,65921.05263157895,0.0,1.0,0.0,0.0,Hawthorne
60007,0,1,0,0,1,IL,5420.0,4050.0,2880.0,2040.0,3340.0,730.0,68343.71614301193,0.0,1.0,0.0,0.0,Elk Grove Villa
61801,27,72,11,1,111,IL,3790.0,2240.0,970.0,540.0,850.0,320.0,51291.61882893227,0.2432432432432433,0.6486486486486487,0.0990990990990991,0.009009009009009007,Urbana
61802,12,20,6,0,38,IL,3560.0,2520.0,1200.0,670.0,900.0,270.0,52097.039473684206,0.3157894736842105,0.5263157894736842,0.15789473684210525,0.0,Urbana
61817,0,1,0,0,1,IL,380.0,290.0,190.0,170.0,180.0,0.0,57334.710743801654,0.0,1.0,0.0,0.0,Oakwood
61820,96,185,26,2,309,IL,4550.0,2630.0,1040.0,560.0,600.0,160.0,41876.31027253669,0.3106796116504854,0.5987055016181229,0.08414239482200647,0.0064724919093851144,Champaign
61821,34,45,2,1,82,IL,5390.0,3600.0,2020.0,1220.0,1460.0,500.0,54924.24242424241,0.4146341463414634,0.5487804878048781,0.024390243902439025,0.012195121951219513,Champaign
61822,34,51,3,1,89,IL,3090.0,2230.0,1610.0,1180.0,2320.0,1150.0,83041.88255613126,0.3820224719101124,0.5730337078651685,0.033707865168539325,0.011235955056179777,Champaign
61847,0,1,1,0,2,IL,150.0,150.0,100.0,60.0,110.0,0.0,62280.70175438597,0.0,0.5,0.5,0.0,Gifford
61849,1,1,0,0,2,IL,230.0,210.0,170.0,120.0,110.0,20.0,62063.95348837209,0.5,0.5,0.0,0.0,Homer
61853,7,6,1,1,15,IL,1780.0,1030.0,830.0,790.0,1450.0,420.0,80059.52380952383,0.4666666666666667,0.4,0.06666666666666668,0.06666666666666668,Mahomet
61854,0,1,0,0,1,IL,250.0,160.0,110.0,90.0,130.0,0.0,58614.864864864874,0.0,1.0,0.0,0.0,Mansfield
61856,6,7,0,1,14,IL,1130.0,690.0,540.0,470.0,780.0,180.0,73054.08970976253,0.42857142857142855,0.5,0.0,0.07142857142857142,Monticello
61858,1,1,0,0,2,IL,480.0,350.0,260.0,190.0,210.0,0.0,56040.26845637584,0.5,0.5,0.0,0.0,Oakwood
61859,0,3,0,0,3,IL,150.0,150.0,90.0,80.0,110.0,0.0,63146.55172413793,0.0,1.0,0.0,0.0,Ogden
61864,0,1,0,0,1,IL,240.0,190.0,120.0,120.0,170.0,30.0,70258.62068965517,0.0,1.0,0.0,0.0,Philo
61866,4,12,2,0,18,IL,2880.0,1900.0,770.0,400.0,340.0,40.0,39711.69036334913,0.2222222222222222,0.6666666666666666,0.1111111111111111,0.0,Rantoul
61873,1,6,0,0,7,IL,720.0,500.0,460.0,430.0,620.0,80.0,73709.96441281139,0.14285714285714285,0.8571428571428571,0.0,0.0,St Joseph
61874,8,16,2,0,26,IL,1060.0,800.0,500.0,390.0,800.0,220.0,75232.09549071616,0.3076923076923077,0.6153846153846154,0.07692307692307693,0.0,Savoy
61953,5,13,1,0,19,IL,1070.0,730.0,470.0,350.0,390.0,70.0,57386.36363636363,0.2631578947368421,0.6842105263157895,0.05263157894736842,0.0,Tuscola
75043,0,1,0,0,1,TX,11110.0,8170.0,4000.0,2200.0,2510.0,410.0,48125.0,0.0,1.0,0.0,0.0,Litchfield Park
80428,0,1,2,1,4,CO,90.0,80.0,50.0,40.0,80.0,0.0,66911.76470588235,0.0,0.25,0.5,0.25,Clark
85003,53,81,15,2,151,AZ,1330.0,960.0,490.0,320.0,530.0,270.0,66217.94871794872,0.3509933774834437,0.5364238410596026,0.09933774834437084,0.01324503311258278,Phoenix
85004,70,156,16,4,246,AZ,990.0,740.0,440.0,240.0,350.0,200.0,64569.25675675676,0.2845528455284553,0.6341463414634146,0.06504065040650407,0.016260162601626018,Phoenix
85006,17,41,3,4,65,AZ,4660.0,3060.0,1070.0,450.0,370.0,70.0,36389.462809917364,0.26153846153846155,0.6307692307692307,0.04615384615384616,0.061538461538461535,Phoenix
85007,22,34,5,0,61,AZ,2560.0,1400.0,490.0,260.0,390.0,200.0,46485.84905660377,0.3606557377049181,0.5573770491803278,0.08196721311475409,0.0,Phoenix
85008,40,80,16,0,136,AZ,11250.0,7880.0,2310.0,870.0,700.0,130.0,34318.28003457217,0.29411764705882354,0.5882352941176471,0.1176470588235294,0.0,Phoenix
85009,25,50,7,0,82,AZ,9170.0,5360.0,980.0,220.0,160.0,50.0,27140.840652446674,0.3048780487804878,0.6097560975609756,0.08536585365853659,0.0,Phoenix
85012,31,61,11,3,106,AZ,1010.0,950.0,530.0,310.0,550.0,450.0,79868.42105263157,0.29245283018867924,0.5754716981132075,0.10377358490566037,0.02830188679245283,Phoenix
85013,42,86,10,2,140,AZ,2970.0,2780.0,1550.0,870.0,1110.0,520.0,62334.183673469386,0.3,0.6142857142857143,0.07142857142857142,0.014285714285714284,Phoenix
85014,47,79,23,5,154,AZ,4200.0,3780.0,1790.0,900.0,1090.0,400.0,53320.3125,0.3051948051948052,0.512987012987013,0.14935064935064934,0.032467532467532464,Phoenix
85015,19,59,9,2,89,AZ,7900.0,4680.0,1580.0,730.0,630.0,70.0,35206.86337395766,0.21348314606741567,0.6629213483146067,0.10112359550561796,0.02247191011235955,Phoenix
85016,106,175,30,7,318,AZ,5380.0,4910.0,2540.0,1390.0,2060.0,1280.0,66101.93621867883,0.3333333333333333,0.5503144654088051,0.09433962264150944,0.0220125786163522,Phoenix
85017,30,48,2,4,84,AZ,8260.0,4430.0,970.0,280.0,170.0,0.0,26931.25442948264,0.35714285714285715,0.5714285714285714,0.023809523809523808,0.047619047619047616,Phoenix
85018,82,163,31,5,281,AZ,4870.0,3680.0,2160.0,1300.0,2600.0,2590.0,86344.47674418606,0.2918149466192171,0.5800711743772242,0.1103202846975089,0.017793594306049824,Phoenix
85019,16,13,1,0,30,AZ,5380.0,3450.0,930.0,310.0,150.0,20.0,30212.40234375,0.5333333333333333,0.43333333333333335,0.03333333333333333,0.0,Phoenix
85020,54,81,17,3,155,AZ,5340.0,4210.0,2270.0,1310.0,1860.0,980.0,62938.321853475274,0.34838709677419355,0.5225806451612903,0.10967741935483873,0.01935483870967742,Phoenix
85021,15,44,4,3,66,AZ,7060.0,4240.0,1630.0,960.0,1470.0,820.0,53067.058096415334,0.2272727272727273,0.6666666666666666,0.060606060606060615,0.045454545454545456,Phoenix
85022,59,118,23,7,207,AZ,7980.0,6490.0,3170.0,1920.0,2720.0,830.0,57323.669407183035,0.285024154589372,0.5700483091787439,0.1111111111111111,0.033816425120772944,Phoenix
85023,24,44,9,1,78,AZ,5580.0,4410.0,2080.0,1230.0,1570.0,470.0,53829.856584093875,0.3076923076923077,0.5641025641025641,0.1153846153846154,0.01282051282051282,Phoenix
85024,8,16,3,1,28,AZ,3400.0,2980.0,1940.0,1380.0,2000.0,350.0,65041.49377593361,0.2857142857142857,0.5714285714285714,0.10714285714285714,0.03571428571428571,Phoenix
85027,38,69,7,1,115,AZ,5750.0,5540.0,3060.0,1720.0,1490.0,150.0,49823.546019198184,0.33043478260869563,0.6,0.060869565217391314,0.008695652173913044,Phoenix
85028,15,33,9,1,58,AZ,2590.0,1780.0,1330.0,1120.0,2210.0,1060.0,86892.96333002973,0.25862068965517243,0.5689655172413793,0.15517241379310345,0.017241379310344827,Phoenix
85029,38,65,15,1,119,AZ,8310.0,6260.0,2570.0,1230.0,940.0,150.0,40358.42754367933,0.3193277310924369,0.5462184873949579,0.12605042016806722,0.008403361344537815,Phoenix
85031,9,24,6,1,40,AZ,6320.0,4030.0,870.0,240.0,100.0,0.0,27724.913494809687,0.225,0.6,0.15,0.025,Phoenix
85032,122,243,32,5,402,AZ,11220.0,8510.0,4570.0,2650.0,3270.0,640.0,52734.121840570326,0.3034825870646766,0.6044776119402985,0.07960199004975124,0.01243781094527363,Phoenix
85033,18,34,4,2,58,AZ,11070.0,7670.0,1790.0,520.0,230.0,0.0,29035.479323308267,0.3103448275862069,0.5862068965517241,0.06896551724137931,0.03448275862068965,Phoenix
85034,39,87,19,5,150,AZ,1050.0,630.0,230.0,90.0,60.0,30.0,36124.4019138756,0.26,0.58,0.12666666666666668,0.03333333333333333,Phoenix
85035,23,40,3,2,68,AZ,10120.0,7290.0,1600.0,370.0,130.0,0.0,28280.36904151717,0.3382352941176471,0.5882352941176471,0.04411764705882353,0.029411764705882356,Phoenix
85037,20,38,2,0,60,AZ,8460.0,7120.0,2580.0,1030.0,610.0,30.0,36466.21280887544,0.3333333333333333,0.6333333333333333,0.03333333333333333,0.0,Phoenix
85040,20,31,3,0,54,AZ,6040.0,3910.0,1030.0,350.0,210.0,40.0,30969.343696027638,0.3703703703703704,0.5740740740740741,0.05555555555555555,0.0,Phoenix
85041,15,30,3,2,50,AZ,10430.0,8230.0,2990.0,1300.0,1080.0,140.0,38751.55151013653,0.3,0.6,0.06,0.04,Phoenix
85042,23,37,5,2,67,AZ,7160.0,5770.0,2320.0,1120.0,1340.0,350.0,46366.27906976744,0.34328358208955223,0.5522388059701493,0.07462686567164177,0.02985074626865672,Phoenix
85043,16,27,4,1,48,AZ,5210.0,4610.0,1770.0,690.0,400.0,40.0,37657.23270440252,0.3333333333333333,0.5625,0.08333333333333333,0.02083333333333333,Phoenix
85044,59,104,21,5,189,AZ,5270.0,4990.0,3180.0,2140.0,3190.0,1140.0,70441.98895027624,0.3121693121693121,0.5502645502645502,0.1111111111111111,0.026455026455026454,Phoenix
85048,39,58,11,3,111,AZ,4020.0,2880.0,2090.0,1730.0,3590.0,1860.0,89285.71428571429,0.35135135135135137,0.5225225225225225,0.0990990990990991,0.027027027027027032,Phoenix
85050,23,33,3,2,61,AZ,3440.0,2500.0,1940.0,1510.0,2960.0,1570.0,88119.61206896552,0.3770491803278688,0.5409836065573771,0.049180327868852465,0.032786885245901634,Phoenix
85051,34,88,20,4,146,AZ,8620.0,5870.0,2010.0,910.0,640.0,60.0,35567.36609607952,0.2328767123287671,0.6027397260273972,0.136986301369863,0.0273972602739726,Phoenix
85053,18,35,8,2,63,AZ,5250.0,4220.0,1950.0,1090.0,970.0,110.0,45189.477557027225,0.2857142857142857,0.5555555555555556,0.12698412698412698,0.031746031746031744,Scottsdale
85054,53,77,12,2,144,AZ,740.0,790.0,630.0,450.0,710.0,320.0,83550.82417582418,0.3680555555555556,0.5347222222222222,0.08333333333333333,0.013888888888888888,Phoenix
85083,3,5,0,0,8,AZ,1850.0,1110.0,960.0,940.0,2280.0,840.0,95112.78195488722,0.375,0.625,0.0,0.0,Phoenix
85085,34,76,6,3,119,AZ,2320.0,2090.0,1550.0,1190.0,2620.0,880.0,86514.08450704225,0.2857142857142857,0.6386554621848739,0.050420168067226885,0.025210084033613446,Phoenix
85086,22,59,11,1,93,AZ,4500.0,2960.0,2270.0,2140.0,4030.0,1260.0,82510.19813519814,0.23655913978494625,0.6344086021505376,0.11827956989247312,0.010752688172043013,Phoenix
85087,0,1,0,0,1,AZ,1140.0,670.0,540.0,490.0,850.0,190.0,75000.0,0.0,1.0,0.0,0.0,Phoenix
85140,2,7,1,0,10,AZ,4070.0,3820.0,2650.0,1750.0,1810.0,230.0,58749.127704117236,0.2,0.7,0.1,0.0,San Tan Valley
85142,2,0,0,0,2,AZ,7030.0,5260.0,3950.0,3260.0,5050.0,1250.0,73149.22480620156,1.0,0.0,0.0,0.0,Mesa
85143,4,5,1,0,10,AZ,4450.0,4150.0,2710.0,1540.0,1310.0,120.0,51952.030812324934,0.4,0.5,0.1,0.0,San Tan Valley
85201,57,121,18,7,203,AZ,9400.0,6790.0,2290.0,950.0,750.0,130.0,36601.4278680453,0.2807881773399015,0.5960591133004927,0.08866995073891626,0.03448275862068965,Mesa
85202,59,128,14,4,205,AZ,7250.0,5850.0,2320.0,1250.0,1380.0,200.0,45006.849315068495,0.2878048780487805,0.6243902439024389,0.06829268292682927,0.01951219512195122,Mesa
85203,28,41,4,1,74,AZ,5950.0,4290.0,1950.0,1200.0,1440.0,340.0,50304.87804878049,0.3783783783783784,0.5540540540540541,0.054054054054054064,0.013513513513513514,Mesa
85204,82,155,26,1,264,AZ,10590.0,8330.0,3280.0,1600.0,1190.0,160.0,40089.463220675934,0.3106060606060606,0.5871212121212122,0.09848484848484848,0.0037878787878787884,Mesa
85205,33,51,9,1,94,AZ,6400.0,4600.0,2570.0,1680.0,1930.0,540.0,55565.74492099323,0.35106382978723405,0.5425531914893617,0.09574468085106384,0.010638297872340424,Mesa
85206,72,121,19,1,213,AZ,5220.0,4520.0,2460.0,1430.0,1400.0,220.0,51057.37704918033,0.3380281690140845,0.5680751173708921,0.0892018779342723,0.004694835680751174,Mesa
85207,13,33,7,0,53,AZ,6170.0,4350.0,2710.0,1970.0,3510.0,1410.0,72614.31411530815,0.2452830188679245,0.6226415094339622,0.1320754716981132,0.0,Mesa
85208,14,23,8,0,45,AZ,5680.0,4200.0,2320.0,1270.0,960.0,100.0,44984.51479697178,0.3111111111111111,0.5111111111111111,0.17777777777777778,0.0,Mesa
85209,25,62,12,1,100,AZ,5330.0,4290.0,2850.0,1890.0,2450.0,360.0,59900.990099009905,0.25,0.62,0.12,0.01,Mesa
85210,60,100,15,4,179,AZ,7290.0,5380.0,1840.0,920.0,860.0,110.0,39321.64634146341,0.33519553072625696,0.5586592178770949,0.08379888268156424,0.0223463687150838,Mesa
85212,8,24,4,2,38,AZ,3940.0,2760.0,2240.0,2060.0,3390.0,460.0,73838.38383838384,0.21052631578947367,0.631578947368421,0.10526315789473684,0.05263157894736842,Mesa
85213,11,31,6,0,48,AZ,4510.0,3270.0,1950.0,1350.0,2360.0,850.0,68964.31070678796,0.22916666666666666,0.6458333333333334,0.125,0.0,Mesa
85215,26,53,6,4,89,AZ,2320.0,1570.0,1160.0,850.0,1350.0,430.0,70930.98958333331,0.2921348314606741,0.5955056179775281,0.06741573033707865,0.0449438202247191,Mesa
85224,80,152,27,6,265,AZ,6500.0,6200.0,3770.0,2400.0,2850.0,620.0,60066.02506714414,0.3018867924528302,0.5735849056603773,0.1018867924528302,0.022641509433962263,Chandler
85225,53,120,22,6,201,AZ,11510.0,9310.0,4750.0,2720.0,3280.0,560.0,51661.220043572976,0.263681592039801,0.5970149253731343,0.10945273631840796,0.02985074626865672,Chandler
85226,135,182,42,8,367,AZ,4990.0,4380.0,2850.0,2100.0,3420.0,1050.0,72591.80415114423,0.3678474114441417,0.4959128065395095,0.11444141689373295,0.021798365122615803,Chandler
85233,41,80,22,4,147,AZ,4960.0,4100.0,2720.0,1990.0,3240.0,780.0,69751.2647554806,0.2789115646258503,0.54421768707483,0.14965986394557826,0.027210884353741496,Gilbert
85234,18,57,11,2,88,AZ,6360.0,4530.0,3030.0,2440.0,4130.0,1270.0,73035.38602941176,0.20454545454545456,0.6477272727272727,0.125,0.022727272727272728,Gilbert
85248,32,50,8,1,91,AZ,3980.0,3080.0,2350.0,1910.0,3730.0,1750.0,87872.02380952383,0.3516483516483517,0.5494505494505495,0.08791208791208792,0.01098901098901099,Chandler
85249,14,29,10,0,53,AZ,4640.0,2530.0,2080.0,1930.0,5010.0,2530.0,98063.56837606838,0.2641509433962264,0.5471698113207547,0.18867924528301888,0.0,Chandler
85250,49,88,14,1,152,AZ,2390.0,2050.0,1490.0,1070.0,1440.0,610.0,73149.17127071822,0.3223684210526316,0.5789473684210527,0.09210526315789473,0.006578947368421052,Scottsdale
85251,251,447,58,14,770,AZ,6190.0,5400.0,3140.0,1800.0,2440.0,1480.0,66974.32762836186,0.325974025974026,0.5805194805194805,0.07532467532467532,0.01818181818181818,Scottsdale
85253,44,80,16,7,147,AZ,1690.0,940.0,680.0,510.0,1110.0,3150.0,135829.20792079208,0.2993197278911565,0.54421768707483,0.10884353741496597,0.047619047619047616,Scottsdale
85254,103,168,31,9,311,AZ,5640.0,3760.0,2990.0,2610.0,5160.0,2770.0,91288.70475359789,0.3311897106109325,0.5401929260450161,0.09967845659163987,0.028938906752411574,Phoenix
85255,63,105,18,5,191,AZ,4080.0,2370.0,1960.0,1730.0,4490.0,5400.0,121679.98002995508,0.3298429319371728,0.5497382198952879,0.09424083769633508,0.026178010471204192,Scottsdale
85256,3,4,0,2,9,AZ,1040.0,510.0,280.0,150.0,140.0,0.0,39504.71698113208,0.3333333333333333,0.4444444444444444,0.0,0.2222222222222222,Scottsdale
85257,39,99,15,2,155,AZ,4940.0,4260.0,2480.0,1380.0,1610.0,320.0,54619.74649766512,0.25161290322580643,0.6387096774193548,0.0967741935483871,0.012903225806451613,Scottsdale
85258,74,131,13,7,225,AZ,2900.0,2070.0,1670.0,1330.0,2690.0,1910.0,96708.43277645188,0.3288888888888889,0.5822222222222222,0.057777777777777775,0.031111111111111114,Scottsdale
85259,14,23,5,4,46,AZ,2460.0,1540.0,1150.0,880.0,2120.0,2410.0,109647.25378787877,0.3043478260869565,0.5,0.10869565217391304,0.08695652173913042,Scottsdale
85260,117,210,44,8,379,AZ,4720.0,3570.0,2760.0,1940.0,3550.0,2340.0,87533.10381355933,0.3087071240105541,0.5540897097625329,0.11609498680738785,0.021108179419525062,Scottsdale
85262,3,7,1,0,11,AZ,900.0,560.0,470.0,450.0,1340.0,1660.0,133271.375464684,0.2727272727272727,0.6363636363636364,0.09090909090909093,0.0,Scottsdale
85264,1,4,0,0,5,AZ,140.0,230.0,140.0,70.0,80.0,30.0,64855.07246376811,0.2,0.8,0.0,0.0,Fort McDowell
85266,12,23,2,1,38,AZ,1010.0,530.0,450.0,430.0,1280.0,1350.0,124306.93069306931,0.3157894736842105,0.6052631578947368,0.05263157894736842,0.02631578947368421,Scottsdale
85268,31,50,6,4,91,AZ,2800.0,1960.0,1540.0,1210.0,2290.0,1150.0,85993.1506849315,0.3406593406593407,0.5494505494505495,0.06593406593406594,0.04395604395604396,Fountain Hills
85281,161,296,55,11,523,AZ,10220.0,6390.0,2310.0,1050.0,1000.0,320.0,39155.70690465007,0.3078393881453155,0.5659655831739961,0.1051625239005736,0.021032504780114723,Tempe
85282,92,165,30,7,294,AZ,8890.0,7350.0,3460.0,1990.0,2340.0,420.0,50434.56032719837,0.3129251700680272,0.5612244897959183,0.1020408163265306,0.023809523809523808,Tempe
85283,65,113,18,5,201,AZ,7390.0,6390.0,3150.0,1830.0,2280.0,550.0,54122.27883279296,0.32338308457711445,0.5621890547263682,0.08955223880597014,0.02487562189054726,Tempe
85284,55,88,22,4,169,AZ,2100.0,1520.0,1140.0,970.0,2320.0,1570.0,101858.1081081081,0.3254437869822485,0.5207100591715976,0.1301775147928994,0.02366863905325444,Tempe
85286,48,100,16,4,168,AZ,4520.0,3200.0,2330.0,2120.0,4570.0,1720.0,87926.59804983747,0.2857142857142857,0.5952380952380952,0.09523809523809523,0.023809523809523808,Chandler
85295,96,171,24,7,298,AZ,5020.0,3900.0,2920.0,2430.0,3930.0,1160.0,76633.52272727272,0.3221476510067114,0.5738255033557047,0.08053691275167785,0.02348993288590604,Gilbert
85296,52,74,14,1,141,AZ,5010.0,3940.0,3140.0,2490.0,4150.0,1060.0,76402.2233451238,0.3687943262411347,0.524822695035461,0.09929078014184398,0.007092198581560284,Higley
85297,10,20,2,1,33,AZ,3210.0,2170.0,1780.0,1700.0,3200.0,910.0,83962.99151888974,0.30303030303030304,0.6060606060606061,0.060606060606060615,0.030303030303030307,Gilbert
85298,24,27,2,3,56,AZ,3180.0,1890.0,1810.0,1830.0,4400.0,1510.0,97221.27222982216,0.42857142857142855,0.4821428571428572,0.03571428571428571,0.05357142857142857,Gilbert
85301,32,56,6,1,95,AZ,12880.0,7230.0,1760.0,540.0,370.0,30.0,28600.394563787813,0.3368421052631579,0.5894736842105263,0.06315789473684211,0.010526315789473684,Glendale
85302,26,56,6,3,91,AZ,7090.0,5450.0,2310.0,1270.0,1000.0,80.0,41773.25581395349,0.2857142857142857,0.6153846153846154,0.06593406593406594,0.03296703296703297,Glendale
85303,8,11,1,1,21,AZ,5840.0,4330.0,1620.0,760.0,590.0,80.0,38700.832072617246,0.3809523809523809,0.5238095238095238,0.047619047619047616,0.047619047619047616,Glendale
85304,13,19,2,0,34,AZ,4140.0,3350.0,1860.0,1200.0,1420.0,200.0,54365.24239934265,0.38235294117647056,0.5588235294117647,0.05882352941176471,0.0,Glendale
85305,24,49,11,2,86,AZ,1830.0,1700.0,860.0,550.0,680.0,90.0,54816.11208406305,0.2790697674418605,0.5697674418604651,0.12790697674418605,0.02325581395348837,Glendale
85306,22,51,5,0,78,AZ,3920.0,3100.0,1730.0,980.0,1030.0,150.0,50515.58203483043,0.28205128205128205,0.6538461538461539,0.0641025641025641,0.0,Glendale
85307,7,2,7,0,16,AZ,1440.0,1440.0,570.0,310.0,240.0,30.0,44230.76923076923,0.4375,0.125,0.4375,0.0,Glendale
85308,152,263,38,13,466,AZ,8810.0,7330.0,4710.0,3340.0,5000.0,1110.0,65977.72277227722,0.3261802575107296,0.5643776824034334,0.0815450643776824,0.027896995708154508,Glendale
85310,14,25,7,2,48,AZ,2360.0,1690.0,1380.0,1130.0,2030.0,600.0,79706.20239390642,0.2916666666666667,0.5208333333333334,0.14583333333333334,0.04166666666666666,Glendale
85323,22,52,9,1,84,AZ,6730.0,5760.0,2470.0,1090.0,800.0,70.0,40625.0,0.2619047619047619,0.6190476190476191,0.10714285714285714,0.011904761904761904,Avondale
85326,20,33,5,2,60,AZ,7740.0,7430.0,3860.0,2110.0,1810.0,160.0,48150.15144958891,0.3333333333333333,0.55,0.08333333333333333,0.03333333333333333,Buckeye
85331,43,65,11,2,121,AZ,3250.0,1800.0,1380.0,1410.0,3440.0,1880.0,99069.1489361702,0.35537190082644626,0.5371900826446281,0.09090909090909093,0.016528925619834708,Cave Creek
85335,4,13,5,1,23,AZ,5600.0,4960.0,1940.0,880.0,460.0,30.0,38266.041816870944,0.17391304347826084,0.5652173913043478,0.21739130434782608,0.043478260869565216,El Mirage
85338,38,75,10,2,125,AZ,6670.0,5840.0,3790.0,2680.0,3270.0,490.0,60982.84960422164,0.304,0.6,0.08,0.016,Goodyear
85339,15,32,7,0,54,AZ,6300.0,5440.0,2990.0,1790.0,1820.0,220.0,51414.33189655173,0.2777777777777778,0.5925925925925926,0.12962962962962962,0.0,Laveen
85340,15,35,5,0,55,AZ,3520.0,2700.0,1830.0,1490.0,2660.0,810.0,76210.60722521138,0.2727272727272727,0.6363636363636364,0.09090909090909093,0.0,Litchfield Park
85342,1,0,0,0,1,AZ,190.0,120.0,80.0,40.0,70.0,0.0,51750.0,1.0,0.0,0.0,0.0,Peoria
85345,40,73,13,3,129,AZ,9500.0,7970.0,3980.0,2040.0,1620.0,110.0,44225.81284694687,0.31007751937984496,0.5658914728682171,0.1007751937984496,0.02325581395348837,Glendale
85351,16,32,4,2,54,AZ,5580.0,3600.0,2260.0,1230.0,1110.0,150.0,47209.26058865758,0.2962962962962963,0.5925925925925926,0.07407407407407407,0.037037037037037035,Sun City
85353,20,35,4,2,61,AZ,6070.0,5660.0,2410.0,1170.0,650.0,50.0,40669.89381636477,0.3278688524590164,0.5737704918032787,0.06557377049180327,0.032786885245901634,Tolleson
85355,0,4,0,0,4,AZ,1260.0,990.0,800.0,670.0,1030.0,180.0,73225.15212981745,0.0,1.0,0.0,0.0,Waddell
85361,0,1,0,0,1,AZ,1000.0,660.0,370.0,220.0,310.0,30.0,51592.66409266409,0.0,1.0,0.0,0.0,Surprise
85363,8,10,2,1,21,AZ,1220.0,920.0,380.0,160.0,100.0,0.0,36870.503597122304,0.3809523809523809,0.4761904761904762,0.09523809523809523,0.047619047619047616,Youngtown
85373,5,10,4,0,19,AZ,2720.0,1930.0,1420.0,990.0,1050.0,110.0,56782.238442822374,0.2631578947368421,0.5263157894736842,0.21052631578947367,0.0,Sun City
85374,43,87,13,2,145,AZ,5470.0,4640.0,3130.0,2110.0,2250.0,310.0,57935.51088777219,0.296551724137931,0.6,0.0896551724137931,0.013793103448275862,Surprise
85375,4,14,0,1,19,AZ,3840.0,2930.0,2360.0,1790.0,2120.0,350.0,64787.15459297984,0.21052631578947367,0.7368421052631579,0.0,0.05263157894736842,Sun City West
85377,5,21,2,0,28,AZ,390.0,270.0,190.0,170.0,440.0,380.0,110190.21739130435,0.17857142857142858,0.75,0.07142857142857142,0.0,Cave Creek
85379,8,24,4,0,36,AZ,5330.0,4510.0,3160.0,2240.0,2600.0,300.0,60322.49173098126,0.2222222222222222,0.6666666666666666,0.1111111111111111,0.0,Surprise
85381,26,49,10,3,88,AZ,3680.0,3090.0,1940.0,1340.0,1900.0,350.0,62835.365853658535,0.2954545454545455,0.5568181818181818,0.11363636363636365,0.03409090909090909,Peoria
85382,68,94,20,1,183,AZ,5600.0,4530.0,3080.0,2310.0,3280.0,510.0,64940.4453650958,0.371584699453552,0.5136612021857924,0.1092896174863388,0.00546448087431694,Peoria
85383,36,48,11,1,96,AZ,5320.0,3450.0,2890.0,2900.0,6760.0,2450.0,94941.10222970131,0.375,0.5,0.11458333333333333,0.010416666666666666,Peoria
85387,1,1,0,0,2,AZ,1330.0,1090.0,860.0,700.0,940.0,180.0,70294.11764705883,0.5,0.5,0.0,0.0,Surprise
85388,8,17,2,2,29,AZ,3110.0,2710.0,1910.0,1500.0,1700.0,150.0,61699.00722021661,0.27586206896551724,0.5862068965517241,0.06896551724137931,0.06896551724137931,Surprise
85392,34,67,7,0,108,AZ,5370.0,4760.0,2700.0,1620.0,1780.0,200.0,53142.11807668898,0.3148148148148148,0.6203703703703703,0.06481481481481481,0.0,Avondale
85395,51,68,14,4,137,AZ,2920.0,2340.0,1750.0,1710.0,3300.0,790.0,83977.36143637782,0.3722627737226277,0.4963503649635037,0.1021897810218978,0.0291970802919708,Goodyear
85396,3,4,2,0,9,AZ,2070.0,1800.0,1360.0,1240.0,1970.0,400.0,77191.74208144798,0.3333333333333333,0.4444444444444444,0.2222222222222222,0.0,Buckeye
85545,0,1,1,0,2,AZ,70.0,40.0,30.0,30.0,0.0,0.0,40441.17647058824,0.0,0.5,0.5,0.0,Roosevelt
89002,4,14,7,0,25,NV,4530.0,3470.0,2520.0,1950.0,3050.0,570.0,69289.93163455563,0.16,0.56,0.28,0.0,Henderson
89004,1,0,1,0,2,NV,40.0,40.0,30.0,20.0,50.0,0.0,72916.66666666669,0.5,0.0,0.5,0.0,Blue Diamond
89005,18,38,9,1,66,NV,2170.0,1520.0,1080.0,760.0,1190.0,340.0,68218.83852691218,0.2727272727272727,0.5757575757575758,0.13636363636363635,0.015151515151515154,Henderson
89011,26,39,4,2,71,NV,3870.0,3570.0,1960.0,1220.0,1650.0,580.0,62568.093385214015,0.3661971830985916,0.5492957746478874,0.056338028169014086,0.028169014084507043,Henderson
89012,36,91,10,2,139,NV,4120.0,3370.0,2530.0,1870.0,2960.0,1180.0,77269.18278228321,0.2589928057553957,0.6546762589928058,0.07194244604316546,0.014388489208633094,Henderson
89014,105,172,35,7,319,NV,6780.0,5630.0,2820.0,1630.0,1960.0,450.0,52996.88635184224,0.32915360501567403,0.5391849529780565,0.10971786833855803,0.0219435736677116,Henderson
89015,29,48,7,3,87,NV,6600.0,4820.0,2550.0,1600.0,1790.0,310.0,51421.901528013586,0.3333333333333333,0.5517241379310345,0.08045977011494253,0.03448275862068965,Henderson
89019,0,1,0,0,1,NV,480.0,350.0,110.0,80.0,80.0,0.0,40909.09090909091,0.0,1.0,0.0,0.0,Las Vegas
89030,32,58,8,3,101,NV,10890.0,6670.0,1520.0,380.0,150.0,20.0,27610.799796230258,0.31683168316831684,0.5742574257425742,0.07920792079207921,0.0297029702970297,North Las Vegas
89031,34,46,13,1,94,NV,10750.0,9820.0,5100.0,2960.0,2700.0,210.0,48759.51173113507,0.3617021276595745,0.4893617021276596,0.13829787234042554,0.010638297872340424,North Las Vegas
89032,41,45,11,2,99,NV,7900.0,6820.0,2880.0,1390.0,1040.0,70.0,41274.875621890555,0.4141414141414141,0.4545454545454545,0.1111111111111111,0.020202020202020204,North Las Vegas
89044,3,8,0,1,12,NV,2090.0,1740.0,1620.0,1370.0,2550.0,960.0,90513.06873184898,0.25,0.6666666666666666,0.0,0.08333333333333333,Henderson
89052,70,105,23,5,203,NV,6580.0,4900.0,3690.0,2880.0,5340.0,2760.0,85645.3154875717,0.3448275862068966,0.5172413793103449,0.11330049261083745,0.024630541871921183,Henderson
89074,52,86,18,3,159,NV,7570.0,6200.0,3970.0,2540.0,3610.0,1240.0,65618.78233187426,0.3270440251572327,0.5408805031446541,0.11320754716981132,0.018867924528301886,Henderson
89081,16,20,3,0,39,NV,5580.0,5300.0,2570.0,1410.0,1250.0,100.0,47193.0906847625,0.41025641025641024,0.5128205128205128,0.07692307692307693,0.0,North Las Vegas
89084,23,35,3,1,62,NV,3390.0,3010.0,1990.0,1450.0,1980.0,290.0,64079.27332782824,0.3709677419354839,0.5645161290322581,0.04838709677419355,0.016129032258064516,North Las Vegas
89086,4,3,2,0,9,NV,950.0,890.0,340.0,190.0,150.0,0.0,41914.68253968254,0.4444444444444444,0.3333333333333333,0.2222222222222222,0.0,North Las Vegas
89101,96,171,36,7,310,NV,8540.0,4820.0,1050.0,320.0,230.0,110.0,29404.445919044458,0.3096774193548387,0.5516129032258065,0.11612903225806452,0.022580645161290318,Las Vegas
89102,134,204,38,4,380,NV,8030.0,5170.0,1270.0,560.0,630.0,290.0,36967.08463949843,0.3526315789473684,0.5368421052631579,0.1,0.010526315789473684,Las Vegas
89103,133,262,42,8,445,NV,10790.0,8660.0,2470.0,940.0,780.0,310.0,37192.06680584551,0.298876404494382,0.5887640449438202,0.09438202247191012,0.017977528089887642,Las Vegas
89104,68,147,25,8,248,NV,9100.0,6080.0,1730.0,630.0,450.0,70.0,32668.88150609081,0.27419354838709675,0.592741935483871,0.10080645161290322,0.03225806451612903,Las Vegas
89106,49,99,15,3,166,NV,5720.0,3260.0,880.0,310.0,200.0,60.0,30764.621284755518,0.2951807228915663,0.5963855421686747,0.09036144578313253,0.018072289156626502,Las Vegas
89107,54,83,10,5,152,NV,7740.0,5680.0,1990.0,800.0,650.0,320.0,39675.49476135041,0.35526315789473684,0.5460526315789473,0.06578947368421052,0.03289473684210526,Las Vegas
89108,51,83,23,2,159,NV,14290.0,10740.0,3720.0,1570.0,1190.0,150.0,36868.288060644336,0.3207547169811321,0.5220125786163522,0.14465408805031446,0.012578616352201259,Las Vegas
89109,359,602,109,22,1092,NV,1310.0,890.0,340.0,220.0,360.0,450.0,71918.7675070028,0.32875457875457875,0.5512820512820513,0.09981684981684982,0.020146520146520148,Las Vegas
89110,37,58,7,5,107,NV,13690.0,10150.0,3340.0,1500.0,1360.0,170.0,37677.92121813969,0.3457943925233645,0.5420560747663551,0.06542056074766353,0.04672897196261682,Las Vegas
89113,71,119,17,5,212,NV,4560.0,4660.0,2490.0,1390.0,1780.0,770.0,61884.984025559104,0.3349056603773585,0.5613207547169812,0.08018867924528301,0.02358490566037736,Las Vegas
89115,22,43,4,2,71,NV,11810.0,7880.0,2190.0,710.0,360.0,30.0,30619.016536118364,0.30985915492957744,0.6056338028169014,0.056338028169014086,0.028169014084507043,Las Vegas
89117,134,222,38,7,401,NV,9410.0,7880.0,3980.0,2260.0,3010.0,1450.0,59793.67631296893,0.3341645885286783,0.5536159600997507,0.09476309226932668,0.017456359102244388,Las Vegas
89118,84,149,26,6,265,NV,3830.0,3630.0,1340.0,600.0,690.0,280.0,47613.30761812922,0.3169811320754717,0.5622641509433962,0.09811320754716983,0.022641509433962263,Las Vegas
89119,212,372,63,16,663,NV,10970.0,7200.0,1970.0,770.0,570.0,160.0,33416.127541589645,0.31975867269984914,0.5610859728506787,0.09502262443438914,0.02413273001508296,Las Vegas
89120,38,80,11,1,130,NV,4450.0,3540.0,1520.0,770.0,950.0,310.0,49458.40554592722,0.2923076923076923,0.6153846153846154,0.08461538461538462,0.007692307692307694,las vegas
89121,71,121,25,5,222,NV,13860.0,9640.0,3220.0,1430.0,1190.0,210.0,36958.5448392555,0.31981981981981983,0.545045045045045,0.1126126126126126,0.022522522522522518,Las Vegas
89122,19,30,7,1,57,NV,9540.0,8180.0,3150.0,1340.0,960.0,100.0,39068.54318865492,0.3333333333333333,0.5263157894736842,0.12280701754385966,0.017543859649122806,Las Vegas
89123,135,264,38,6,443,NV,8820.0,7810.0,4430.0,2680.0,3450.0,770.0,58100.85836909872,0.3047404063205418,0.5959367945823928,0.08577878103837472,0.013544018058690743,Las Vegas
89124,1,9,0,0,10,NV,70.0,50.0,50.0,30.0,90.0,0.0,75862.06896551725,0.1,0.9,0.0,0.0,Las Vegas
89128,45,113,8,6,172,NV,6440.0,5300.0,2450.0,1370.0,1690.0,440.0,51766.534765404176,0.2616279069767442,0.6569767441860465,0.04651162790697674,0.034883720930232565,Las Vegas
89129,31,64,11,3,109,NV,7740.0,6510.0,4040.0,2540.0,3240.0,890.0,61062.70032051282,0.28440366972477066,0.5871559633027523,0.10091743119266056,0.027522935779816515,Las Vegas
89130,52,103,23,5,183,NV,5110.0,4190.0,2560.0,1680.0,2140.0,330.0,58182.38600874453,0.2841530054644809,0.5628415300546448,0.12568306010928962,0.0273224043715847,Las Vegas
89131,31,37,11,1,80,NV,5490.0,4250.0,3170.0,2540.0,4570.0,1260.0,77484.72744360902,0.3875,0.4625,0.1375,0.0125,Las Vegas
89134,29,41,4,3,77,NV,3370.0,2490.0,1990.0,1530.0,2340.0,1190.0,80731.99070487994,0.37662337662337664,0.5324675324675324,0.05194805194805195,0.03896103896103896,Las Vegas
89135,48,93,15,3,159,NV,3100.0,2240.0,1850.0,1500.0,3080.0,2280.0,99759.78647686832,0.3018867924528302,0.5849056603773585,0.09433962264150944,0.018867924528301886,Las Vegas
89138,4,6,0,0,10,NV,1410.0,920.0,860.0,720.0,1770.0,1210.0,106948.47605224962,0.4,0.6,0.0,0.0,Las Vegas
89139,38,79,12,0,129,NV,6240.0,6330.0,3380.0,1770.0,2120.0,520.0,55476.424361493126,0.29457364341085274,0.6124031007751938,0.09302325581395347,0.0,Las Vegas
89141,14,29,5,0,48,NV,3730.0,3560.0,2350.0,1670.0,2370.0,910.0,72386.90884167237,0.2916666666666667,0.6041666666666666,0.10416666666666667,0.0,Las Vegas
89142,7,20,3,0,30,NV,6470.0,5590.0,2010.0,850.0,630.0,50.0,38301.28205128205,0.2333333333333333,0.6666666666666666,0.1,0.0,Las Vegas
89143,6,9,2,0,17,NV,1530.0,1310.0,990.0,680.0,940.0,140.0,65406.976744186046,0.35294117647058826,0.5294117647058824,0.1176470588235294,0.0,Las Vegas
89144,7,6,1,1,15,NV,2210.0,1780.0,1330.0,950.0,1600.0,990.0,84438.48758465012,0.4666666666666667,0.4,0.06666666666666668,0.06666666666666668,Las Vegas
89145,49,80,12,3,144,NV,4300.0,3650.0,1710.0,960.0,960.0,570.0,54979.42386831276,0.3402777777777778,0.5555555555555556,0.08333333333333333,0.02083333333333333,Las Vegas
89146,113,179,31,4,327,NV,4100.0,2590.0,990.0,530.0,590.0,250.0,45041.4364640884,0.345565749235474,0.5474006116207951,0.0948012232415902,0.012232415902140671,Las Vegas
89147,105,213,37,3,358,NV,9570.0,8590.0,4060.0,1930.0,1940.0,480.0,48000.564546480986,0.2932960893854749,0.5949720670391061,0.10335195530726256,0.008379888268156423,Las Vegas
89148,48,116,17,3,184,NV,7600.0,7100.0,4250.0,2530.0,2940.0,730.0,58518.88667992048,0.2608695652173913,0.6304347826086957,0.09239130434782608,0.016304347826086956,Las Vegas
89149,58,95,18,4,175,NV,4770.0,4250.0,2910.0,1980.0,3030.0,1020.0,71471.32516703787,0.3314285714285714,0.5428571428571428,0.10285714285714287,0.022857142857142857,Las Vegas
89156,5,10,1,1,17,NV,5190.0,4070.0,1520.0,650.0,460.0,50.0,37761.72529313233,0.29411764705882354,0.5882352941176471,0.05882352941176471,0.05882352941176471,Las Vegas
89166,2,6,0,0,8,NV,2140.0,2380.0,1890.0,1310.0,1780.0,210.0,68820.80329557158,0.25,0.75,0.0,0.0,Las Vegas
89169,68,140,20,3,231,NV,5310.0,2980.0,710.0,250.0,230.0,120.0,32174.47916666667,0.2943722943722944,0.6060606060606061,0.08658008658008658,0.012987012987012988,Las Vegas
89178,11,8,1,0,20,NV,4340.0,4640.0,3140.0,1990.0,2580.0,520.0,64824.23009877978,0.55,0.4,0.05,0.0,Las Vegas
89179,1,0,0,0,1,NV,1000.0,1170.0,960.0,720.0,900.0,110.0,70344.65020576131,1.0,0.0,0.0,0.0,Las Vegas
89183,71,93,22,2,188,NV,5710.0,5500.0,2940.0,1540.0,1510.0,380.0,52197.098976109206,0.3776595744680851,0.4946808510638298,0.11702127659574467,0.010638297872340424,Las Vegas
89191,4,1,0,0,5,NV,480.0,70.0,30.0,40.0,0.0,0.0,22580.645161290322,0.8,0.2,0.0,0.0,Nellis AFB
89410,0,1,0,0,1,NV,1800.0,1240.0,870.0,580.0,760.0,220.0,62728.519195612425,0.0,1.0,0.0,0.0,Topaz
90014,1,0,0,0,1,CA,1200.0,720.0,480.0,360.0,540.0,190.0,66475.64469914041,1.0,0.0,0.0,0.0,Las Vegas
90042,0,1,0,0,1,CA,10670.0,7560.0,3760.0,2110.0,2680.0,650.0,51075.464819540655,0.0,1.0,0.0,0.0,Markham
90802,0,1,0,0,1,CA,6740.0,5610.0,3120.0,1910.0,2090.0,520.0,55040.02001000501,0.0,1.0,0.0,0.0,Las Vegas
91355,0,1,0,0,1,CA,3950.0,2520.0,2100.0,1860.0,3720.0,1430.0,86866.17458279847,0.0,1.0,0.0,0.0,Charlotte
91902,0,1,0,0,1,CA,2390.0,1660.0,1110.0,920.0,1840.0,680.0,80000.0,0.0,1.0,0.0,0.0,National City
97490,0,2,0,1,3,OR,50.0,40.0,0.0,20.0,0.0,0.0,35227.27272727273,0.0,0.6666666666666666,0.0,0.3333333333333333,Walton
97504,0,1,0,0,1,OR,7600.0,5050.0,2950.0,2080.0,3100.0,1020.0,62878.44036697247,0.0,1.0,0.0,0.0,Phoenix
97535,5,11,0,0,16,OR,1130.0,670.0,350.0,170.0,170.0,40.0,44071.14624505929,0.3125,0.6875,0.0,0.0,Phoenix
