zip,counts,one_dollar,two_dollar,three_dollar,four_dollar,state,1,2,3,4,5,6,total,affluence,Four_Percentage,composite,city
12919,7.0,3.0,3.0,1.0,0.0,NY,580.0,420.0,250.0,170.0,160.0,0.0,1580.0,4330.0,0.0,1.7142857142857142,Champlain
12923,1.0,1.0,0.0,0.0,0.0,NY,80.0,70.0,30.0,20.0,20.0,0.0,220.0,570.0,0.0,1.0,Churubusco
12979,6.0,4.0,1.0,1.0,0.0,NY,430.0,290.0,160.0,130.0,160.0,0.0,1170.0,3330.0,0.0,1.5,Rouses Point
15003,28.0,19.0,8.0,0.0,1.0,PA,2340.0,1650.0,820.0,450.0,360.0,40.0,5660.0,13500.042402826855,0.03571428571428571,1.3928571428571428,Ambridge
15006,1.0,0.0,0.0,1.0,0.0,PA,60.0,40.0,40.0,40.0,0.0,0.0,180.0,580.0,0.0,3.0,Gibsonia
15010,2.0,2.0,0.0,0.0,0.0,PA,5010.0,3180.0,1900.0,1340.0,1610.0,270.0,13310.0,35840.121712997745,0.0,1.0,Pittsburgh
15015,1.0,0.0,1.0,0.0,0.0,PA,160.0,70.0,60.0,70.0,190.0,110.0,660.0,1991.0,0.0,2.0,Bradfordwoods
15017,119.0,41.0,70.0,6.0,2.0,PA,2380.0,1930.0,1320.0,910.0,1330.0,520.0,8390.0,24130.371871275333,0.01680672268907563,1.7394957983193278,Bridgeville
15024,14.0,7.0,7.0,0.0,0.0,PA,1470.0,1050.0,650.0,490.0,630.0,180.0,4470.0,12590.241610738254,0.0,1.5,Cheswick
15025,11.0,5.0,5.0,1.0,0.0,PA,2870.0,1740.0,1000.0,730.0,1200.0,370.0,7910.0,21190.280657395702,0.0,1.6363636363636365,Clairton
15026,4.0,1.0,3.0,0.0,0.0,PA,580.0,400.0,300.0,230.0,410.0,90.0,2010.0,6170.268656716418,0.0,1.75,clinton
15030,1.0,0.0,1.0,0.0,0.0,PA,210.0,150.0,80.0,30.0,20.0,0.0,490.0,1090.0,0.0,2.0,Creighton
15031,3.0,2.0,1.0,0.0,0.0,PA,120.0,80.0,40.0,40.0,0.0,0.0,280.0,720.0,0.0,1.3333333333333333,Cuddy
15034,5.0,3.0,1.0,0.0,1.0,PA,360.0,280.0,120.0,70.0,50.0,0.0,880.0,2090.0,0.2,1.8,Dravosburg
15035,4.0,0.0,4.0,0.0,0.0,PA,450.0,360.0,150.0,80.0,50.0,0.0,1090.0,2510.0,0.0,2.0,East Mc Keesport
15037,20.0,9.0,10.0,0.0,1.0,PA,1890.0,1350.0,860.0,640.0,770.0,90.0,5600.0,16140.096428571429,0.05,1.65,Elizabeth Township
15038,1.0,1.0,0.0,0.0,0.0,PA,70.0,70.0,20.0,30.0,0.0,0.0,190.0,510.0,0.0,1.0,Elrama
15042,1.0,1.0,0.0,0.0,0.0,PA,1420.0,950.0,670.0,540.0,650.0,100.0,4330.0,12900.138568129329,0.0,1.0,Sewickley
15044,74.0,28.0,34.0,11.0,1.0,PA,4090.0,2090.0,1630.0,1470.0,3240.0,2020.0,14540.0,41120.83356258597,0.013513513513513514,1.7972972972972974,Gibsonia
15045,6.0,1.0,5.0,0.0,0.0,PA,940.0,590.0,280.0,140.0,100.0,0.0,2050.0,4580.0,0.0,1.8333333333333333,Glassport
15046,1.0,1.0,0.0,0.0,0.0,PA,450.0,310.0,200.0,140.0,180.0,30.0,1310.0,3690.137404580153,0.0,1.0,Crescent
15051,1.0,0.0,1.0,0.0,0.0,PA,80.0,70.0,30.0,40.0,0.0,0.0,220.0,630.0,0.0,2.0,Indianola
15055,1.0,1.0,0.0,0.0,0.0,PA,220.0,230.0,150.0,100.0,110.0,20.0,830.0,2480.144578313253,0.0,1.0,Lawrence
15056,6.0,4.0,2.0,0.0,0.0,PA,210.0,170.0,70.0,40.0,60.0,0.0,550.0,1380.0,0.0,1.3333333333333333,Leetsdale
15057,8.0,4.0,4.0,0.0,0.0,PA,2160.0,1290.0,910.0,790.0,1720.0,520.0,7390.0,22390.422192151556,0.0,1.5,Mc Donald
15063,15.0,7.0,8.0,0.0,0.0,PA,1950.0,1450.0,910.0,600.0,650.0,80.0,5640.0,15630.085106382981,0.0,1.5333333333333334,Monongahela
15067,3.0,1.0,1.0,1.0,0.0,PA,460.0,310.0,160.0,90.0,80.0,0.0,1100.0,2680.0,0.0,2.0,New Eagle
15068,64.0,27.0,25.0,7.0,5.0,PA,7260.0,4610.0,2730.0,1850.0,2130.0,340.0,18920.0,50120.107822410144,0.078125,1.84375,New Kensington
15071,20.0,11.0,6.0,1.0,2.0,PA,1700.0,1260.0,840.0,630.0,1010.0,260.0,5700.0,16830.273684210526,0.1,1.7,Pittsburgh
15076,1.0,1.0,0.0,0.0,0.0,PA,220.0,150.0,70.0,30.0,30.0,0.0,500.0,1120.0,0.0,1.0,Russellton
15082,2.0,1.0,1.0,0.0,0.0,PA,50.0,70.0,30.0,30.0,0.0,0.0,180.0,520.0,0.0,1.5,Sturgeon
15085,10.0,4.0,5.0,1.0,0.0,PA,1390.0,920.0,610.0,470.0,620.0,100.0,4110.0,11920.14598540146,0.0,1.7,Trafford
15086,3.0,0.0,1.0,2.0,0.0,PA,50.0,30.0,40.0,0.0,40.0,40.0,200.0,431.2,0.0,2.6666666666666665,New Kensington
15088,1.0,1.0,0.0,0.0,0.0,PA,120.0,80.0,30.0,40.0,0.0,0.0,270.0,690.0,0.0,1.0,West Elizabeth
15090,150.0,42.0,84.0,21.0,3.0,PA,2940.0,1470.0,1230.0,1030.0,2780.0,2200.0,11650.0,31711.133047210296,0.02,1.9,Wexford
15101,61.0,11.0,44.0,6.0,0.0,PA,3790.0,2220.0,1740.0,1410.0,2700.0,1090.0,12950.0,38230.50501930502,0.0,1.9180327868852456,Allison Park
15102,88.0,35.0,46.0,6.0,1.0,PA,4670.0,3000.0,2210.0,2020.0,3140.0,700.0,15740.0,49160.266836086405,0.011363636363636364,1.693181818181818,Bethel Park
15104,10.0,4.0,4.0,1.0,1.0,PA,2090.0,1030.0,290.0,120.0,60.0,0.0,3590.0,6280.0,0.1,1.9,Braddock
15106,72.0,35.0,34.0,3.0,0.0,PA,3480.0,2690.0,1540.0,1030.0,1180.0,240.0,10160.0,27620.141732283457,0.0,1.5555555555555556,Carnegie
15108,229.0,71.0,143.0,13.0,2.0,PA,6210.0,4260.0,2930.0,2330.0,3940.0,1240.0,20910.0,61860.35581061692,0.008733624454148471,1.7641921397379912,Moon Twp
15110,2.0,2.0,0.0,0.0,0.0,PA,1350.0,590.0,180.0,70.0,50.0,0.0,2240.0,3880.0,0.0,1.0,West Mifflin
15112,4.0,2.0,2.0,0.0,0.0,PA,720.0,460.0,180.0,80.0,60.0,0.0,1500.0,3120.0,0.0,1.5,East Pittsburgh
15116,25.0,10.0,11.0,3.0,1.0,PA,2270.0,1490.0,1180.0,1000.0,1520.0,290.0,7750.0,24390.224516129038,0.04,1.8,Glenshaw
15120,122.0,28.0,83.0,10.0,1.0,PA,3870.0,2620.0,1280.0,760.0,770.0,90.0,9390.0,22880.057507987218,0.008196721311475409,1.8688524590163933,West Homestead
15122,66.0,30.0,33.0,2.0,1.0,PA,3940.0,2790.0,1660.0,1060.0,930.0,80.0,10460.0,27630.045889101337,0.015151515151515154,1.606060606060606,West Mifflin
15126,15.0,11.0,3.0,0.0,1.0,PA,1220.0,870.0,590.0,460.0,670.0,100.0,3910.0,11760.15345268542,0.06666666666666668,1.4,Imperial
15129,11.0,3.0,8.0,0.0,0.0,PA,1760.0,1310.0,890.0,650.0,1040.0,160.0,5810.0,17450.165232358002,0.0,1.7272727272727273,Library
15131,23.0,8.0,14.0,1.0,0.0,PA,1480.0,1180.0,770.0,460.0,460.0,60.0,4410.0,12130.081632653062,0.0,1.6956521739130437,White Oak
15132,21.0,11.0,10.0,0.0,0.0,PA,4540.0,2350.0,900.0,430.0,310.0,20.0,8550.0,16930.01403508772,0.0,1.4761904761904765,McKeesport
15133,3.0,3.0,0.0,0.0,0.0,PA,1230.0,1010.0,550.0,320.0,230.0,0.0,3340.0,8610.0,0.0,1.0,Clairton
15135,1.0,0.0,1.0,0.0,0.0,PA,870.0,610.0,420.0,290.0,340.0,60.0,2590.0,7370.138996138997,0.0,2.0,McKeesport
15136,97.0,29.0,64.0,3.0,1.0,PA,4560.0,2910.0,1400.0,960.0,1290.0,300.0,11420.0,28710.157618213663,0.010309278350515464,1.7525773195876289,McKees Rocks
15137,33.0,14.0,18.0,1.0,0.0,PA,2080.0,1580.0,770.0,430.0,360.0,30.0,5250.0,12790.034285714288,0.0,1.606060606060606,North Versailles
15139,31.0,6.0,17.0,5.0,3.0,PA,1040.0,790.0,490.0,380.0,610.0,270.0,3580.0,10180.45251396648,0.0967741935483871,2.161290322580645,Oakmont
15140,3.0,1.0,2.0,0.0,0.0,PA,740.0,370.0,160.0,60.0,60.0,0.0,1390.0,2740.0,0.0,1.6666666666666667,Pitcairn
15142,1.0,0.0,1.0,0.0,0.0,PA,200.0,170.0,130.0,100.0,190.0,310.0,1100.0,2681.690909090909,0.0,2.0,Presto
15143,68.0,13.0,41.0,14.0,0.0,PA,2740.0,1440.0,1130.0,980.0,2190.0,2040.0,10520.0,27801.163498098857,0.0,2.014705882352941,Sewickley
15144,11.0,3.0,8.0,0.0,0.0,PA,810.0,620.0,330.0,220.0,200.0,0.0,2180.0,5800.0,0.0,1.7272727272727273,Springdale
15145,10.0,5.0,4.0,1.0,0.0,PA,1600.0,1060.0,400.0,190.0,150.0,30.0,3430.0,7190.052478134111,0.0,1.6,Turtle Creek
15146,230.0,65.0,132.0,30.0,3.0,PA,4760.0,3480.0,2460.0,1680.0,2090.0,410.0,14880.0,42990.16532258064,0.013043478260869565,1.873913043478261,Monroeville
15147,37.0,15.0,19.0,3.0,0.0,PA,3170.0,2500.0,1360.0,820.0,770.0,110.0,8730.0,22660.07560137457,0.0,1.6756756756756757,Verona
15148,6.0,3.0,3.0,0.0,0.0,PA,580.0,350.0,120.0,50.0,30.0,0.0,1130.0,2190.0,0.0,1.5,Wilmerding
15201,197.0,58.0,118.0,21.0,0.0,PA,2290.0,2300.0,1180.0,670.0,680.0,200.0,7320.0,19190.16393442623,0.0,1.8121827411167517,Pittsburgh
15202,75.0,36.0,36.0,0.0,3.0,PA,3640.0,3240.0,1550.0,900.0,1010.0,240.0,10580.0,27020.13610586012,0.04,1.6,Pittsburgh
15203,304.0,107.0,165.0,24.0,8.0,PA,1590.0,1580.0,930.0,420.0,540.0,190.0,5250.0,13600.217142857144,0.02631578947368421,1.7796052631578947,Pittsburgh
15204,2.0,1.0,1.0,0.0,0.0,PA,1770.0,1200.0,530.0,250.0,210.0,0.0,3960.0,8810.0,0.0,1.5,Pittsburgh
15205,198.0,65.0,109.0,22.0,2.0,PA,4110.0,3480.0,1960.0,1100.0,1320.0,300.0,12270.0,32350.146699266505,0.010101010101010102,1.8030303030303032,Pittsburgh
15206,196.0,52.0,107.0,34.0,3.0,PA,5220.0,4100.0,1870.0,1000.0,1350.0,700.0,14240.0,33780.29494382023,0.015306122448979591,1.9387755102040816,Pittsburgh
15207,20.0,10.0,10.0,0.0,0.0,PA,2150.0,1550.0,710.0,440.0,400.0,30.0,5280.0,12900.034090909092,0.0,1.5,Pittsburgh
15208,17.0,11.0,5.0,1.0,0.0,PA,2010.0,1050.0,410.0,220.0,400.0,390.0,4480.0,9100.52232142857,0.0,1.4117647058823528,Pittsburgh
15209,38.0,15.0,21.0,1.0,1.0,PA,2180.0,1730.0,1050.0,720.0,860.0,130.0,6670.0,18850.116941529235,0.02631578947368421,1.6842105263157894,Millvale
15210,45.0,25.0,18.0,0.0,2.0,PA,5840.0,3770.0,1320.0,640.0,460.0,30.0,12060.0,24760.014925373136,0.04444444444444445,1.5333333333333334,Pittsburgh
15211,44.0,14.0,18.0,10.0,2.0,PA,2040.0,2080.0,1040.0,500.0,580.0,180.0,6420.0,16220.168224299065,0.045454545454545456,2.0,Pittsburgh
15212,149.0,48.0,92.0,8.0,1.0,PA,5320.0,4200.0,1970.0,1040.0,1070.0,200.0,13800.0,33300.086956521736,0.006711409395973154,1.74496644295302,Pittsburgh
15213,285.0,156.0,119.0,7.0,3.0,PA,2550.0,1370.0,590.0,300.0,410.0,400.0,5620.0,11510.427046263345,0.010526315789473684,1.4982456140350875,Pittsburgh
15214,5.0,2.0,2.0,1.0,0.0,PA,2940.0,1970.0,910.0,540.0,550.0,50.0,6960.0,16680.043103448275,0.0,1.8,Pittsburgh
15215,80.0,26.0,44.0,10.0,0.0,PA,2070.0,1330.0,750.0,550.0,920.0,700.0,6320.0,15980.664556962023,0.0,1.8,Pittsburgh
15216,140.0,56.0,75.0,7.0,2.0,PA,4000.0,3490.0,1840.0,1090.0,1490.0,400.0,12310.0,32670.194963444355,0.014285714285714284,1.6785714285714286,Pittsburgh
15217,220.0,88.0,107.0,20.0,5.0,PA,3440.0,2330.0,1600.0,1010.0,1970.0,1810.0,12160.0,30830.893092105263,0.022727272727272728,1.7363636363636363,Pittsburgh
15218,63.0,28.0,30.0,5.0,0.0,PA,2510.0,1980.0,1030.0,650.0,830.0,300.0,7300.0,18910.246575342462,0.0,1.6349206349206349,Swissvale
15219,181.0,60.0,88.0,31.0,2.0,PA,2690.0,1320.0,440.0,220.0,230.0,90.0,4990.0,9560.108216432864,0.011049723756906077,1.861878453038674,Pittsburgh
15220,81.0,23.0,52.0,4.0,2.0,PA,2720.0,2300.0,1620.0,1220.0,1410.0,240.0,9510.0,28990.15141955837,0.02469135802469136,1.8148148148148149,Pittsburgh
15221,55.0,28.0,25.0,1.0,1.0,PA,6140.0,4420.0,1990.0,1160.0,1230.0,300.0,15240.0,36380.118110236224,0.01818181818181818,1.5454545454545454,Pittsburgh
15222,524.0,179.0,276.0,61.0,8.0,PA,660.0,510.0,430.0,300.0,510.0,430.0,2840.0,7920.908450704225,0.015267175572519085,1.8053435114503815,Pittsburgh
15223,32.0,20.0,11.0,1.0,0.0,PA,1470.0,1190.0,630.0,340.0,260.0,20.0,3910.0,9760.030690537084,0.0,1.40625,Pittsburgh
15224,156.0,78.0,70.0,7.0,1.0,PA,2200.0,1970.0,820.0,270.0,330.0,90.0,5680.0,12410.095070422536,0.00641025641025641,1.5576923076923077,Pittsburgh
15225,6.0,2.0,3.0,1.0,0.0,PA,230.0,200.0,90.0,50.0,40.0,0.0,610.0,1500.0,0.0,1.8333333333333333,Pittsburgh
15226,51.0,28.0,22.0,1.0,0.0,PA,2470.0,2170.0,1300.0,750.0,670.0,50.0,7410.0,20060.04048582996,0.0,1.4705882352941178,Pittsburgh
15227,65.0,29.0,31.0,4.0,1.0,PA,5100.0,4240.0,2500.0,1530.0,1670.0,190.0,15230.0,41670.07485226527,0.015384615384615384,1.646153846153846,Pittsburgh
15228,85.0,22.0,48.0,15.0,0.0,PA,2360.0,1440.0,990.0,850.0,2000.0,1170.0,8810.0,25010.796821793418,0.0,1.9176470588235293,Pittsburgh
15229,47.0,24.0,22.0,1.0,0.0,PA,2360.0,1890.0,1360.0,910.0,1070.0,180.0,7770.0,22850.138996138998,0.0,1.5106382978723405,Pittsburgh
15232,182.0,31.0,106.0,40.0,5.0,PA,1290.0,1400.0,860.0,380.0,570.0,550.0,5050.0,12560.653465346535,0.027472527472527472,2.1043956043956045,Pittsburgh
15233,32.0,15.0,17.0,0.0,0.0,PA,590.0,470.0,190.0,100.0,120.0,50.0,1520.0,3500.197368421052,0.0,1.53125,Pittsburgh
15234,88.0,35.0,44.0,8.0,1.0,PA,2380.0,2120.0,1240.0,800.0,960.0,150.0,7650.0,21540.117647058818,0.011363636363636364,1.7159090909090908,Castle Shannon
15235,84.0,34.0,44.0,5.0,1.0,PA,6500.0,5330.0,2840.0,1710.0,1670.0,300.0,18350.0,47710.09809264305,0.011904761904761904,1.6785714285714286,Pittsburgh
15236,123.0,47.0,68.0,8.0,0.0,PA,5020.0,3770.0,2690.0,1960.0,2630.0,390.0,16460.0,49460.142162818964,0.0,1.6829268292682926,Pittsburgh
15237,368.0,111.0,207.0,43.0,7.0,PA,6180.0,4160.0,3230.0,2720.0,4760.0,1630.0,22680.0,69750.43121693122,0.019021739130434784,1.8532608695652173,Pittsburgh
15238,69.0,22.0,41.0,6.0,0.0,PA,1840.0,1020.0,710.0,560.0,1180.0,1600.0,6910.0,16391.38929088278,0.0,1.7681159420289856,Pittsburgh
15239,31.0,12.0,17.0,2.0,0.0,PA,3430.0,2370.0,1720.0,1320.0,1890.0,300.0,11030.0,33340.163191296466,0.0,1.6774193548387095,Pittsburgh
15241,126.0,26.0,74.0,22.0,4.0,PA,2700.0,1220.0,1010.0,940.0,2550.0,1890.0,10310.0,28441.099903006787,0.031746031746031744,2.031746031746032,Upper St Clair
15243,16.0,3.0,12.0,0.0,1.0,PA,1790.0,1030.0,950.0,900.0,1710.0,760.0,7140.0,22450.638655462182,0.0625,1.9375,Pittsburgh
15317,163.0,46.0,101.0,13.0,3.0,PA,5700.0,3590.0,2620.0,2230.0,4450.0,1910.0,20500.0,60830.559024390226,0.018404907975460124,1.8343558282208592,McMurray
15321,7.0,3.0,4.0,0.0,0.0,PA,280.0,180.0,140.0,130.0,150.0,30.0,910.0,2850.197802197802,0.0,1.5714285714285714,Cecil
15332,10.0,2.0,6.0,2.0,0.0,PA,1380.0,950.0,670.0,510.0,610.0,140.0,4260.0,12420.197183098591,0.0,2.0,Clairton
15342,6.0,3.0,3.0,0.0,0.0,PA,870.0,610.0,390.0,290.0,370.0,50.0,2580.0,7430.116279069767,0.0,1.5,Houston
15367,4.0,0.0,3.0,0.0,1.0,PA,1350.0,470.0,360.0,340.0,1010.0,980.0,4510.0,11141.303769401333,0.25,2.5,Venetia
15632,12.0,1.0,10.0,1.0,0.0,PA,1550.0,870.0,580.0,460.0,920.0,420.0,4800.0,13310.525,0.0,2.0,Murrysville
15636,5.0,2.0,3.0,0.0,0.0,PA,590.0,310.0,200.0,210.0,510.0,160.0,1980.0,6040.484848484847,0.0,1.6,Harrison City
15637,3.0,3.0,0.0,0.0,0.0,PA,360.0,230.0,160.0,90.0,90.0,0.0,930.0,2470.0,0.0,1.0,Herminie
15642,103.0,29.0,66.0,6.0,2.0,PA,7410.0,4750.0,3370.0,2750.0,4510.0,910.0,23700.0,71570.23037974682,0.019417475728155338,1.8155339805825244,Irwin
15666,1.0,0.0,1.0,0.0,0.0,PA,2910.0,1910.0,1190.0,770.0,770.0,100.0,7650.0,20310.07843137255,0.0,2.0,Murrysville
15668,50.0,18.0,26.0,5.0,1.0,PA,2010.0,990.0,810.0,750.0,1700.0,760.0,7020.0,20920.649572649574,0.02,1.78,Murrysville
15678,1.0,1.0,0.0,0.0,0.0,PA,130.0,90.0,40.0,30.0,30.0,0.0,320.0,820.0,0.0,1.0,Rillton
16929,1.0,1.0,0.0,0.0,0.0,PA,390.0,270.0,190.0,110.0,110.0,0.0,1070.0,2930.0,0.0,1.0,Lawrenceville
16930,2.0,1.0,1.0,0.0,0.0,PA,200.0,130.0,110.0,70.0,80.0,0.0,590.0,1750.0,0.0,1.5,Liberty
18447,2.0,1.0,1.0,0.0,0.0,PA,1960.0,1440.0,830.0,500.0,540.0,70.0,5340.0,14030.078651685393,0.0,1.5,Scott Township
19301,1.0,1.0,0.0,0.0,0.0,PA,900.0,530.0,470.0,360.0,790.0,600.0,3650.0,10200.986301369865,0.0,1.0,Frazer
19355,27.0,8.0,18.0,1.0,0.0,PA,3260.0,1760.0,1360.0,1230.0,2760.0,2670.0,13040.0,34501.22852760736,0.0,1.7407407407407407,Frazer
19362,4.0,1.0,3.0,0.0,0.0,PA,840.0,680.0,420.0,270.0,360.0,70.0,2640.0,7420.159090909091,0.0,1.75,Nottingham
19464,6.0,1.0,3.0,2.0,0.0,PA,8490.0,5530.0,3330.0,2230.0,3070.0,490.0,23140.0,62730.12705272256,0.0,2.1666666666666665,Stowe
21211,1.0,0.0,1.0,0.0,0.0,MD,2330.0,2460.0,1680.0,960.0,1140.0,220.0,8790.0,25670.150170648463,0.0,2.0,Charlotte
23919,1.0,1.0,0.0,0.0,0.0,VA,390.0,270.0,170.0,110.0,130.0,30.0,1100.0,2970.1636363636358,0.0,1.0,Henderson
24090,1.0,0.0,0.0,1.0,0.0,VA,630.0,460.0,280.0,240.0,380.0,100.0,2090.0,6210.287081339713,0.0,3.0,Concord
27244,1.0,1.0,0.0,0.0,0.0,NC,1650.0,1130.0,690.0,490.0,700.0,210.0,4870.0,13400.258726899385,0.0,1.0,Stoney Creek
27377,1.0,1.0,0.0,0.0,0.0,NC,1310.0,1280.0,760.0,440.0,590.0,130.0,4510.0,12620.172949002217,0.0,1.0,Stoney Creek
27560,1.0,1.0,0.0,0.0,0.0,NC,3150.0,2960.0,2460.0,2180.0,3460.0,1030.0,15240.0,51190.405511811034,0.0,1.0,
28012,97.0,41.0,51.0,5.0,0.0,NC,3450.0,2540.0,1570.0,1030.0,1700.0,610.0,10900.0,29980.335779816513,0.0,1.6288659793814433,Belmont
28016,1.0,1.0,0.0,0.0,0.0,NC,2400.0,1570.0,760.0,400.0,330.0,40.0,5500.0,12670.043636363635,0.0,1.0,Gastonia
28025,144.0,66.0,65.0,11.0,2.0,NC,8730.0,6120.0,3200.0,2030.0,2380.0,610.0,23070.0,58710.158647594275,0.013888888888888888,1.6458333333333333,Concord
28027,366.0,132.0,206.0,22.0,6.0,NC,10120.0,7110.0,4010.0,2940.0,4790.0,1420.0,30390.0,83840.28035538006,0.016393442622950817,1.73224043715847,Kannapolis
28031,264.0,71.0,177.0,12.0,4.0,NC,3760.0,2540.0,1920.0,1480.0,2710.0,1860.0,14270.0,39990.78206026629,0.015151515151515154,1.8068181818181817,Cornelius
28032,10.0,8.0,2.0,0.0,0.0,NC,500.0,390.0,230.0,120.0,180.0,120.0,1540.0,3830.467532467533,0.0,1.2,Cramerton
28034,13.0,9.0,4.0,0.0,0.0,NC,3130.0,2230.0,1170.0,670.0,620.0,60.0,7880.0,19560.045685279187,0.0,1.3076923076923077,Dallas
28036,60.0,14.0,39.0,6.0,1.0,NC,1930.0,1130.0,890.0,750.0,1890.0,1470.0,8060.0,22311.09429280397,0.016666666666666666,1.9,Davidson
28037,2.0,2.0,0.0,0.0,0.0,NC,2800.0,1800.0,1300.0,1120.0,2270.0,1110.0,10400.0,30610.640384615384,0.0,1.0,Lowesville
28052,52.0,30.0,20.0,2.0,0.0,NC,7410.0,4050.0,1580.0,640.0,520.0,80.0,14280.0,27970.03361344538,0.0,1.4615384615384617,Gastonia
28054,130.0,51.0,72.0,5.0,2.0,NC,7190.0,4860.0,2210.0,1140.0,1140.0,230.0,16770.0,38360.08228980322,0.015384615384615384,1.6769230769230767,Gastonia
28056,107.0,38.0,65.0,4.0,0.0,NC,5050.0,3460.0,2140.0,1530.0,2260.0,560.0,15000.0,41930.224,0.0,1.6822429906542056,Gastonia
28075,77.0,45.0,30.0,1.0,1.0,NC,2450.0,1430.0,1030.0,1010.0,2400.0,670.0,8990.0,28480.44716351502,0.012987012987012988,1.4545454545454546,Harrisburg
28078,346.0,110.0,212.0,18.0,6.0,NC,6920.0,4760.0,3640.0,3050.0,6760.0,2680.0,27810.0,85560.57820927724,0.017341040462427744,1.76878612716763,Huntersville
28079,118.0,61.0,53.0,3.0,1.0,NC,5150.0,3460.0,2540.0,2040.0,2880.0,510.0,16580.0,50410.18455971049,0.00847457627118644,1.5254237288135593,Indian Trail
28081,15.0,8.0,6.0,1.0,0.0,NC,4840.0,3190.0,1520.0,860.0,1020.0,210.0,11640.0,27760.108247422682,0.0,1.5333333333333334,Kannapolis
28083,80.0,35.0,40.0,4.0,1.0,NC,4810.0,3290.0,1480.0,730.0,550.0,50.0,10910.0,24420.027497708525,0.0125,1.6375,Kannapolis
28098,6.0,4.0,2.0,0.0,0.0,NC,730.0,540.0,280.0,140.0,150.0,0.0,1840.0,4520.0,0.0,1.3333333333333333,Lowell
28101,2.0,0.0,1.0,1.0,0.0,NC,90.0,80.0,50.0,30.0,100.0,0.0,350.0,1140.0,0.0,2.5,McAdenville
28104,91.0,39.0,49.0,2.0,1.0,NC,3780.0,2140.0,1640.0,1360.0,3140.0,1860.0,13920.0,39560.80172413793,0.01098901098901099,1.6153846153846154,Matthews
28105,350.0,115.0,213.0,20.0,2.0,NC,6150.0,4260.0,2630.0,2040.0,3500.0,1230.0,19810.0,56380.37253912166,0.005714285714285714,1.74,Matthews
28107,6.0,3.0,3.0,0.0,0.0,NC,1160.0,750.0,540.0,430.0,530.0,100.0,3510.0,10370.17094017094,0.0,1.5,Midland
28110,110.0,58.0,49.0,3.0,0.0,NC,8310.0,5850.0,3260.0,2070.0,2440.0,430.0,22360.0,58550.11538461537,0.0,1.5,Monroe
28112,35.0,18.0,16.0,1.0,0.0,NC,4510.0,3170.0,1610.0,940.0,970.0,150.0,11350.0,28050.079295154184,0.0,1.5142857142857142,Monroe
28120,36.0,18.0,17.0,1.0,0.0,NC,3380.0,2420.0,1570.0,1030.0,1360.0,290.0,10050.0,27970.17313432836,0.0,1.5277777777777777,Mount Holly
28134,199.0,58.0,112.0,26.0,3.0,NC,1920.0,1450.0,760.0,510.0,690.0,160.0,5490.0,14630.174863387978,0.01507537688442211,1.8693467336683416,Pineville
28164,8.0,5.0,2.0,1.0,0.0,NC,2290.0,1520.0,910.0,660.0,960.0,260.0,6600.0,18140.236363636366,0.0,1.5,Stanley
28173,101.0,37.0,58.0,5.0,1.0,NC,6480.0,2980.0,2270.0,1900.0,5550.0,4010.0,23190.0,62201.03751617076,0.0099009900990099,1.7029702970297032,Waxhaw
28202,468.0,150.0,265.0,45.0,8.0,NC,1450.0,1590.0,1570.0,900.0,1470.0,650.0,7630.0,23890.511140235907,0.017094017094017096,1.80982905982906,Charlotte
28203,423.0,91.0,267.0,51.0,14.0,NC,2130.0,2150.0,1890.0,1030.0,1460.0,1240.0,9900.0,27640.751515151514,0.03309692671394799,1.9716312056737588,Charlotte
28204,234.0,70.0,130.0,32.0,2.0,NC,980.0,1040.0,770.0,410.0,590.0,410.0,4200.0,11600.585714285715,0.008547008547008548,1.8547008547008548,Charlotte
28205,378.0,162.0,203.0,11.0,2.0,NC,9200.0,6330.0,2820.0,1430.0,2130.0,840.0,22750.0,52410.221538461534,0.005291005291005291,1.6111111111111112,Charlotte
28206,82.0,34.0,43.0,2.0,3.0,NC,3440.0,1530.0,430.0,150.0,200.0,40.0,5790.0,9990.041450777202,0.03658536585365853,1.6829268292682926,Charlotte
28207,56.0,14.0,27.0,14.0,1.0,NC,840.0,540.0,380.0,290.0,540.0,1770.0,4360.0,8082.435779816514,0.017857142857142856,2.0357142857142856,Charlotte
28208,224.0,106.0,109.0,9.0,0.0,NC,10290.0,4780.0,1260.0,460.0,450.0,100.0,17340.0,29560.034602076124,0.0,1.5669642857142858,Charlotte
28209,303.0,73.0,191.0,33.0,6.0,NC,2820.0,2730.0,1940.0,1040.0,1810.0,1440.0,11780.0,31470.733446519527,0.0198019801980198,1.907590759075908,Charlotte
28210,386.0,116.0,195.0,63.0,12.0,NC,6610.0,5260.0,2880.0,1900.0,3700.0,2260.0,22610.0,59470.59973463071,0.031088082901554407,1.9248704663212437,Charlotte
28211,184.0,32.0,109.0,34.0,9.0,NC,3630.0,2380.0,1470.0,1090.0,2320.0,2980.0,13870.0,33121.28911319395,0.04891304347826087,2.108695652173913,Charlotte
28212,99.0,52.0,44.0,2.0,1.0,NC,9400.0,5680.0,1600.0,620.0,480.0,60.0,17840.0,32920.0201793722,0.010101010101010102,1.5151515151515151,Charlotte
28213,130.0,51.0,67.0,10.0,2.0,NC,8950.0,5480.0,2250.0,1120.0,1070.0,130.0,19000.0,40970.041052631575,0.015384615384615384,1.7153846153846153,Charlotte
28214,41.0,19.0,20.0,2.0,0.0,NC,7250.0,5590.0,2760.0,1380.0,1470.0,330.0,18780.0,45100.1054313099,0.0,1.5853658536585369,Charlotte
28215,54.0,30.0,24.0,0.0,0.0,NC,12290.0,7790.0,3190.0,1630.0,1550.0,250.0,26700.0,58230.05617977528,0.0,1.4444444444444444,Charlotte
28216,193.0,68.0,100.0,23.0,2.0,NC,11490.0,7960.0,3360.0,1540.0,1520.0,340.0,26210.0,57410.077832888215,0.010362694300518135,1.787564766839378,Charlotte
28217,220.0,92.0,122.0,5.0,1.0,NC,6180.0,3830.0,1510.0,790.0,520.0,60.0,12890.0,27290.02792862684,0.004545454545454545,1.6136363636363635,Charlotte
28226,113.0,23.0,77.0,11.0,2.0,NC,5150.0,3680.0,2340.0,1620.0,3310.0,2930.0,19030.0,49040.92380451918,0.017699115044247787,1.9292035398230087,Charlotte
28227,145.0,71.0,67.0,7.0,0.0,NC,10360.0,6880.0,3260.0,2060.0,2730.0,720.0,26010.0,64030.16608996539,0.0,1.5586206896551724,Matthews
28262,344.0,121.0,206.0,14.0,3.0,NC,7410.0,5290.0,2760.0,1550.0,1390.0,250.0,18650.0,45620.080428954425,0.008720930232558141,1.7063953488372092,Charlotte
28269,185.0,87.0,88.0,9.0,1.0,NC,12890.0,9790.0,5710.0,3420.0,4420.0,880.0,37110.0,99060.142279709,0.005405405405405407,1.5891891891891892,Charlotte
28270,120.0,45.0,67.0,5.0,3.0,NC,3940.0,2610.0,1850.0,1430.0,3200.0,2210.0,15240.0,42150.87007874016,0.025,1.7166666666666666,Charlotte
28273,285.0,109.0,161.0,12.0,3.0,NC,6180.0,5530.0,2980.0,1540.0,1540.0,180.0,17950.0,46200.06016713092,0.010526315789473684,1.6807017543859648,Charlotte
28277,566.0,118.0,390.0,51.0,7.0,NC,7420.0,4790.0,4090.0,3190.0,7400.0,4680.0,31570.0,91790.88945201141,0.012367491166077738,1.9063604240282688,Charlotte
28278,60.0,16.0,38.0,5.0,1.0,NC,3380.0,2800.0,2090.0,1520.0,2750.0,940.0,13480.0,41160.41839762611,0.016666666666666666,1.85,Charlotte
28451,1.0,1.0,0.0,0.0,0.0,NC,4970.0,3810.0,2280.0,1720.0,2270.0,480.0,15530.0,44540.185447520926,0.0,1.0,Waterford
28730,17.0,13.0,2.0,2.0,0.0,NC,1600.0,990.0,610.0,420.0,580.0,260.0,4460.0,11670.34977578475,0.0,1.3529411764705883,Fairview
29707,90.0,43.0,44.0,2.0,1.0,SC,2860.0,2500.0,1980.0,1840.0,3330.0,890.0,13400.0,45170.39850746268,0.011111111111111113,1.5666666666666669,Fort Mill
29708,183.0,61.0,116.0,4.0,2.0,SC,3430.0,2210.0,1870.0,1680.0,4070.0,1760.0,15020.0,47250.70306258322,0.01092896174863388,1.7103825136612019,Fort Mill
29710,25.0,5.0,20.0,0.0,0.0,SC,4920.0,3520.0,2370.0,1620.0,2530.0,870.0,15830.0,44680.32975363234,0.0,1.8,Lake Wylie
29715,101.0,51.0,44.0,5.0,1.0,SC,4310.0,2940.0,1970.0,1610.0,3100.0,1070.0,15000.0,44480.428,0.0099009900990099,1.5643564356435644,Fort Mill
41076,1.0,0.0,1.0,0.0,0.0,KY,2520.0,1990.0,1250.0,820.0,1180.0,300.0,8060.0,22710.22332506204,0.0,2.0,Highland Heights
44001,64.0,34.0,29.0,0.0,1.0,OH,3530.0,2560.0,1920.0,1270.0,1530.0,280.0,11090.0,32220.15148782687,0.015625,1.5,Amherst
44011,136.0,37.0,80.0,18.0,1.0,OH,2850.0,1580.0,1560.0,1230.0,2750.0,1210.0,11180.0,34280.64937388193,0.007352941176470587,1.875,Avon
44012,74.0,27.0,43.0,3.0,1.0,OH,3300.0,2050.0,1870.0,1460.0,2560.0,1260.0,12500.0,37490.6048,0.013513513513513514,1.7027027027027026,Avon Lake
44017,65.0,30.0,32.0,3.0,0.0,OH,2820.0,2420.0,1630.0,970.0,1010.0,110.0,8960.0,25360.073660714286,0.0,1.5846153846153843,Berea
44021,15.0,5.0,9.0,1.0,0.0,OH,920.0,800.0,490.0,290.0,310.0,50.0,2860.0,7860.104895104895,0.0,1.7333333333333334,Burton
44022,78.0,12.0,45.0,19.0,2.0,OH,2220.0,1060.0,900.0,730.0,1810.0,2090.0,8810.0,21931.423382519864,0.02564102564102564,2.141025641025641,Chagrin Falls
44023,56.0,14.0,37.0,4.0,1.0,OH,2590.0,1420.0,1080.0,970.0,2020.0,1460.0,9540.0,26530.918238993712,0.017857142857142856,1.8571428571428568,Chagrin Falls
44024,43.0,17.0,24.0,2.0,0.0,OH,3780.0,2400.0,1810.0,1330.0,2140.0,600.0,12060.0,35350.298507462685,0.0,1.6511627906976745,Chardon
44026,36.0,11.0,21.0,3.0,1.0,OH,1770.0,1120.0,990.0,750.0,1060.0,350.0,6040.0,18280.347682119205,0.027777777777777776,1.8333333333333333,Chesterland
44028,8.0,5.0,3.0,0.0,0.0,OH,1490.0,1100.0,790.0,530.0,720.0,180.0,4810.0,13900.224532224529,0.0,1.375,Columbia Station
44035,120.0,54.0,59.0,6.0,1.0,OH,12580.0,8920.0,4390.0,2330.0,1820.0,210.0,30250.0,71330.04165289256,0.008333333333333333,1.6166666666666667,Sheffield Village
44039,48.0,24.0,20.0,4.0,0.0,OH,4670.0,4090.0,3150.0,2380.0,2850.0,330.0,17470.0,55590.113337149414,0.0,1.5833333333333333,North Ridgeville
44040,9.0,3.0,6.0,0.0,0.0,OH,360.0,180.0,150.0,170.0,330.0,490.0,1680.0,4181.75,0.0,1.6666666666666667,Mayfield
44044,9.0,5.0,4.0,0.0,0.0,OH,1970.0,1480.0,1100.0,650.0,810.0,150.0,6160.0,17480.146103896102,0.0,1.4444444444444444,Grafton
44045,3.0,1.0,1.0,1.0,0.0,OH,80.0,90.0,40.0,30.0,30.0,0.0,270.0,770.0,0.0,2.0,Grand River
44050,5.0,2.0,2.0,1.0,0.0,OH,940.0,800.0,560.0,390.0,460.0,60.0,3210.0,9640.11214953271,0.0,1.8,Lagrange
44052,21.0,17.0,3.0,1.0,0.0,OH,6640.0,3580.0,1390.0,640.0,410.0,40.0,12700.0,25140.018897637798,0.0,1.238095238095238,Lorain
44053,28.0,11.0,16.0,1.0,0.0,OH,3680.0,2410.0,1450.0,920.0,920.0,100.0,9480.0,24810.06329113924,0.0,1.6428571428571428,Lorain
44054,15.0,6.0,7.0,2.0,0.0,OH,2120.0,1700.0,1120.0,670.0,640.0,100.0,6350.0,17440.094488188977,0.0,1.7333333333333334,Sheffield Village
44055,7.0,2.0,5.0,0.0,0.0,OH,4590.0,2360.0,810.0,290.0,190.0,0.0,8240.0,15010.0,0.0,1.7142857142857142,Lorain
44056,62.0,23.0,36.0,2.0,1.0,OH,1770.0,1270.0,1120.0,860.0,1200.0,290.0,6510.0,20550.267281105997,0.016129032258064516,1.6935483870967742,Macedonia
44060,314.0,95.0,194.0,21.0,4.0,OH,9940.0,7680.0,5680.0,3910.0,4810.0,980.0,33000.0,97670.17818181818,0.012738853503184714,1.7898089171974525,Mentor
44062,22.0,9.0,12.0,0.0,1.0,OH,2040.0,1900.0,850.0,470.0,320.0,60.0,5640.0,13750.063829787234,0.045454545454545456,1.681818181818182,Middlefield
44065,15.0,2.0,12.0,1.0,0.0,OH,670.0,520.0,360.0,230.0,290.0,90.0,2160.0,6080.25,0.0,1.9333333333333331,Newbury
44067,61.0,23.0,33.0,5.0,0.0,OH,3210.0,2570.0,1960.0,1380.0,1720.0,400.0,11240.0,33870.21352313167,0.0,1.7049180327868851,Northfield
44070,248.0,70.0,148.0,27.0,3.0,OH,5750.0,4280.0,3000.0,2000.0,2080.0,250.0,17360.0,49710.08640552995,0.012096774193548387,1.8508064516129032,North Olmsted
44072,3.0,2.0,0.0,1.0,0.0,OH,650.0,420.0,320.0,260.0,460.0,330.0,2440.0,6830.811475409836,0.0,1.6666666666666667,Novelty
44077,91.0,30.0,54.0,7.0,0.0,OH,9890.0,7200.0,4440.0,2780.0,3500.0,940.0,28750.0,77350.19617391305,0.0,1.7472527472527473,Painesville
44087,72.0,30.0,34.0,8.0,0.0,OH,3380.0,2310.0,1810.0,1270.0,2020.0,510.0,11300.0,33690.27079646018,0.0,1.6944444444444444,Twinsburg
44089,1.0,0.0,1.0,0.0,0.0,OH,2840.0,2000.0,1360.0,840.0,960.0,190.0,8190.0,22440.1391941392,0.0,2.0,Lorain
44092,45.0,22.0,22.0,1.0,0.0,OH,3050.0,2710.0,1510.0,790.0,800.0,130.0,8990.0,23320.086763070078,0.0,1.5333333333333334,Willoughby Hills
44094,174.0,67.0,93.0,13.0,1.0,OH,6130.0,4800.0,3270.0,2130.0,2650.0,880.0,19860.0,55830.26586102719,0.005747126436781609,1.7011494252873562,Kirtland
44095,79.0,37.0,40.0,0.0,2.0,OH,6200.0,5370.0,3040.0,1670.0,1280.0,150.0,17710.0,45820.05081874647,0.02531645569620253,1.5822784810126582,Willowick
44102,140.0,46.0,82.0,10.0,2.0,OH,9390.0,5000.0,1630.0,610.0,600.0,170.0,17400.0,32160.058620689655,0.014285714285714284,1.7714285714285714,Cleveland
44103,50.0,24.0,24.0,2.0,0.0,OH,3550.0,1520.0,340.0,120.0,90.0,20.0,5640.0,9020.021276595744,0.0,1.56,Cleveland
44104,4.0,3.0,1.0,0.0,0.0,OH,5070.0,1500.0,320.0,80.0,40.0,0.0,7010.0,9870.0,0.0,1.25,Cleveland
44105,14.0,7.0,6.0,1.0,0.0,OH,8510.0,4270.0,1140.0,340.0,200.0,0.0,14460.0,24190.0,0.0,1.5714285714285714,Cuyahoga Heights
44106,195.0,76.0,99.0,19.0,1.0,OH,3890.0,2010.0,880.0,400.0,620.0,510.0,8310.0,16850.36823104693,0.005128205128205128,1.7179487179487178,Cleveland Heights
44107,356.0,158.0,176.0,18.0,4.0,OH,9020.0,8350.0,4540.0,2300.0,2640.0,750.0,27600.0,70940.16304347826,0.011235955056179777,1.6292134831460674,Lakewood
44108,11.0,6.0,4.0,1.0,0.0,OH,5310.0,2530.0,630.0,230.0,250.0,160.0,9110.0,15350.105378704719,0.0,1.5454545454545454,Bratenahl
44109,93.0,47.0,41.0,5.0,0.0,OH,9030.0,5230.0,1930.0,760.0,530.0,30.0,17510.0,34010.01027984009,0.0,1.5483870967741935,Cleveland
44110,34.0,14.0,20.0,0.0,0.0,OH,4330.0,2070.0,540.0,170.0,120.0,0.0,7230.0,12050.0,0.0,1.5882352941176472,Cleveland
44111,141.0,68.0,66.0,6.0,1.0,OH,8640.0,6000.0,2610.0,1240.0,960.0,110.0,19560.0,43190.03374233129,0.007092198581560284,1.574468085106383,Cleveland
44112,19.0,7.0,10.0,2.0,0.0,OH,4760.0,2110.0,600.0,220.0,160.0,0.0,7850.0,13340.0,0.0,1.7368421052631582,Cleveland
44113,456.0,147.0,266.0,38.0,5.0,OH,2760.0,2240.0,1540.0,690.0,810.0,390.0,8430.0,21430.277580071168,0.010964912280701756,1.7828947368421053,Cleveland
44114,208.0,87.0,100.0,17.0,4.0,OH,1240.0,740.0,490.0,200.0,250.0,220.0,3140.0,7040.420382165606,0.019230769230769232,1.7019230769230769,Cleveland
44115,194.0,64.0,103.0,25.0,2.0,OH,1650.0,500.0,320.0,120.0,170.0,70.0,2830.0,5420.148409893993,0.010309278350515464,1.8195876288659796,Cleveland
44116,174.0,41.0,108.0,21.0,4.0,OH,3080.0,2200.0,1790.0,1180.0,2170.0,1150.0,11570.0,33140.59636992221,0.02298850574712644,1.9310344827586208,Rocky River
44117,10.0,6.0,3.0,1.0,0.0,OH,2090.0,1370.0,590.0,280.0,200.0,0.0,4530.0,9840.0,0.0,1.5,Euclid
44118,200.0,68.0,118.0,12.0,2.0,OH,6120.0,4190.0,2650.0,1630.0,2450.0,890.0,17930.0,47740.29782487451,0.01,1.74,South Euclid
44119,31.0,18.0,12.0,1.0,0.0,OH,2590.0,2010.0,880.0,370.0,310.0,40.0,6200.0,13760.03870967742,0.0,1.4516129032258065,Cleveland
44120,69.0,15.0,43.0,9.0,2.0,OH,7120.0,4030.0,1470.0,780.0,1110.0,800.0,15310.0,31380.313520574786,0.028985507246376805,1.9710144927536235,Cleveland
44121,74.0,34.0,35.0,5.0,0.0,OH,6260.0,4640.0,2580.0,1330.0,1310.0,170.0,16290.0,40470.06261510129,0.0,1.608108108108108,South Euclid
44122,314.0,58.0,178.0,64.0,14.0,OH,4750.0,3130.0,2180.0,1500.0,2790.0,2500.0,16850.0,43500.890207715136,0.044585987261146494,2.1082802547770703,Woodmere
44123,31.0,18.0,11.0,2.0,0.0,OH,3810.0,2860.0,1060.0,490.0,370.0,50.0,8640.0,18480.034722222223,0.0,1.4838709677419355,Euclid
44124,237.0,77.0,124.0,29.0,7.0,OH,6080.0,5040.0,3560.0,2250.0,2710.0,1500.0,21140.0,58390.42573320719,0.029535864978902957,1.8565400843881856,Mayfield Heights
44125,51.0,27.0,23.0,1.0,0.0,OH,5820.0,4550.0,1930.0,870.0,680.0,60.0,13910.0,31070.0258806614,0.0,1.4901960784313726,Garfield Heights
44126,90.0,38.0,44.0,8.0,0.0,OH,2770.0,2290.0,1730.0,1090.0,1260.0,270.0,9410.0,27560.17215727949,0.0,1.6666666666666667,Fairview Park
44127,3.0,3.0,0.0,0.0,0.0,OH,1060.0,380.0,80.0,30.0,0.0,0.0,1550.0,2300.0,0.0,1.0,Cleveland
44128,39.0,15.0,21.0,2.0,1.0,OH,6840.0,4520.0,1380.0,470.0,290.0,20.0,13520.0,25230.008875739644,0.02564102564102564,1.7179487179487178,Cleveland
44129,148.0,60.0,75.0,13.0,0.0,OH,5320.0,4640.0,2550.0,1370.0,1000.0,90.0,14970.0,38210.036072144285,0.0,1.6824324324324325,Cleveland
44130,228.0,94.0,124.0,7.0,3.0,OH,9700.0,7790.0,4800.0,2800.0,2360.0,280.0,27730.0,73880.06058420484,0.013157894736842105,1.6447368421052633,Brooklyn
44131,108.0,38.0,62.0,5.0,3.0,OH,3220.0,2300.0,2020.0,1460.0,1960.0,500.0,11460.0,35360.26178010471,0.027777777777777776,1.75,Seven Hills
44132,15.0,9.0,5.0,1.0,0.0,OH,3310.0,2240.0,920.0,390.0,260.0,40.0,7160.0,14970.033519553072,0.0,1.4666666666666666,Euclid
44133,86.0,41.0,39.0,6.0,0.0,OH,4960.0,4010.0,2640.0,1830.0,2650.0,710.0,16800.0,48790.25357142856,0.0,1.5930232558139534,North Royalton
44134,121.0,62.0,55.0,4.0,0.0,OH,7080.0,6120.0,3590.0,1900.0,1470.0,100.0,20260.0,52640.02961500493,0.0,1.5206611570247934,Parma
44135,83.0,44.0,37.0,2.0,0.0,OH,5700.0,3970.0,1750.0,760.0,450.0,30.0,12660.0,27220.01421800948,0.0,1.4939759036144578,Cleveland
44136,188.0,60.0,107.0,17.0,4.0,OH,3930.0,2710.0,2130.0,1640.0,2410.0,650.0,13470.0,40910.28953229399,0.02127659574468085,1.8138297872340423,Strongsville
44137,23.0,8.0,13.0,1.0,1.0,OH,5270.0,3730.0,1450.0,560.0,350.0,0.0,11360.0,23310.0,0.043478260869565216,1.7826086956521738,Maple Heights
44138,36.0,11.0,19.0,6.0,0.0,OH,3540.0,2670.0,1950.0,1410.0,1940.0,380.0,11890.0,35710.19175777965,0.0,1.8611111111111112,Olmsted Township
44139,125.0,39.0,77.0,7.0,2.0,OH,3410.0,1870.0,1540.0,1250.0,2580.0,1680.0,12330.0,34670.81751824817,0.016,1.776,Solon
44140,21.0,11.0,9.0,1.0,0.0,OH,1940.0,1120.0,1240.0,960.0,1870.0,880.0,8010.0,24930.659176029967,0.0,1.5238095238095235,Bay Village
44141,48.0,14.0,25.0,8.0,1.0,OH,1830.0,1010.0,960.0,850.0,1740.0,910.0,7300.0,22230.747945205483,0.02083333333333333,1.9166666666666667,Brecksville
44142,38.0,19.0,16.0,2.0,1.0,OH,3920.0,3190.0,1740.0,900.0,640.0,30.0,10420.0,25920.017274472168,0.02631578947368421,1.6052631578947367,Brook Park
44143,78.0,21.0,49.0,8.0,0.0,OH,4140.0,2830.0,2020.0,1360.0,2110.0,800.0,13260.0,37290.36199095022,0.0,1.8333333333333333,Cleveland
44144,97.0,51.0,43.0,3.0,0.0,OH,4430.0,3800.0,1770.0,800.0,500.0,50.0,11350.0,26240.026431718066,0.0,1.5051546391752575,Brooklyn
44145,247.0,58.0,155.0,28.0,6.0,OH,4930.0,3140.0,2710.0,1870.0,3040.0,2010.0,17700.0,49500.681355932196,0.024291497975708502,1.9271255060728745,Westlake
44146,62.0,31.0,25.0,3.0,3.0,OH,6070.0,5150.0,2350.0,1070.0,800.0,80.0,15520.0,35980.030927835054,0.04838709677419355,1.6451612903225807,Oakwood Village
44147,64.0,20.0,39.0,4.0,1.0,OH,2960.0,2190.0,1590.0,1190.0,1980.0,790.0,10700.0,31530.442990654214,0.015625,1.78125,Broadview Heights
44149,47.0,12.0,25.0,7.0,3.0,OH,2860.0,1830.0,1610.0,1320.0,2210.0,780.0,10610.0,32960.441093308196,0.06382978723404255,2.0212765957446805,Strongsville
44202,80.0,18.0,47.0,13.0,2.0,OH,2960.0,1800.0,1550.0,1190.0,2370.0,1010.0,10880.0,32580.556985294126,0.025,1.9875,Aurora
44212,98.0,44.0,47.0,3.0,4.0,OH,7390.0,5670.0,4100.0,2820.0,3370.0,390.0,23740.0,70440.09856781803,0.040816326530612235,1.663265306122449,Brunswick
44221,132.0,53.0,62.0,14.0,3.0,OH,5340.0,5290.0,2790.0,1270.0,890.0,70.0,15650.0,38900.0268370607,0.022727272727272728,1.75,Cuyahoga Falls
44223,77.0,29.0,46.0,2.0,0.0,OH,2920.0,2310.0,1690.0,1090.0,1260.0,360.0,9630.0,27630.22429906542,0.0,1.6493506493506491,Cuyahoga Falls
44224,130.0,54.0,66.0,8.0,2.0,OH,6130.0,4560.0,3260.0,2250.0,3230.0,700.0,20130.0,59180.2086438152,0.015384615384615384,1.6769230769230767,Stow
44231,1.0,0.0,1.0,0.0,0.0,OH,1350.0,1150.0,730.0,420.0,330.0,50.0,4030.0,10850.074441687344,0.0,2.0,Burton
44233,6.0,4.0,2.0,0.0,0.0,OH,1180.0,650.0,580.0,440.0,870.0,480.0,4200.0,12090.685714285713,0.0,1.3333333333333333,Hinckley
44234,3.0,2.0,1.0,0.0,0.0,OH,550.0,440.0,300.0,190.0,230.0,60.0,1770.0,5000.203389830508,0.0,1.3333333333333333,Burton
44236,123.0,30.0,78.0,14.0,1.0,OH,3200.0,1320.0,1310.0,1170.0,3190.0,2340.0,12530.0,35081.12051077413,0.008130081300813009,1.8861788617886184,Hudson
44240,184.0,84.0,93.0,5.0,2.0,OH,6370.0,3730.0,2250.0,1480.0,1830.0,340.0,16000.0,41570.1275,0.010869565217391304,1.5923913043478262,Kent
44241,76.0,29.0,40.0,6.0,1.0,OH,3010.0,2560.0,1540.0,900.0,1020.0,130.0,9160.0,25050.085152838423,0.013157894736842105,1.7236842105263157,Streetsboro
44253,2.0,1.0,1.0,0.0,0.0,OH,550.0,460.0,290.0,240.0,270.0,40.0,1850.0,5610.1297297297315,0.0,1.5,Litchfield
44255,10.0,3.0,7.0,0.0,0.0,OH,1330.0,1100.0,650.0,420.0,420.0,70.0,3990.0,10940.105263157895,0.0,1.7,Mantua
44256,192.0,59.0,113.0,17.0,3.0,OH,9650.0,6280.0,4740.0,3670.0,5980.0,1940.0,32260.0,95690.36081835088,0.015625,1.8125,Medina
44260,1.0,0.0,1.0,0.0,0.0,OH,2310.0,1790.0,1190.0,770.0,720.0,130.0,6910.0,19220.112879884222,0.0,2.0,Kent
44262,12.0,8.0,4.0,0.0,0.0,OH,770.0,630.0,460.0,320.0,420.0,70.0,2670.0,8070.157303370786,0.0,1.3333333333333333,Munroe Falls
44264,15.0,3.0,10.0,2.0,0.0,OH,400.0,300.0,230.0,170.0,270.0,120.0,1490.0,4400.48322147651,0.0,1.9333333333333331,Peninsula
44266,1.0,0.0,1.0,0.0,0.0,OH,5960.0,4740.0,2480.0,1330.0,1280.0,160.0,15950.0,39920.060188087766,0.0,2.0,Kent
44278,39.0,12.0,25.0,2.0,0.0,OH,3010.0,2210.0,1610.0,1130.0,1230.0,250.0,9440.0,27450.158898305093,0.0,1.7435897435897436,Tallmadge
44280,7.0,2.0,4.0,0.0,1.0,OH,770.0,620.0,440.0,420.0,540.0,110.0,2900.0,9390.227586206896,0.14285714285714285,2.0,Brunswick Hills
44281,1.0,0.0,1.0,0.0,0.0,OH,4570.0,3500.0,2490.0,1710.0,2480.0,720.0,15470.0,45120.27925016161,0.0,2.0,Medina
44286,27.0,12.0,13.0,2.0,0.0,OH,920.0,580.0,430.0,360.0,550.0,500.0,3340.0,9000.898203592815,0.0,1.6296296296296295,Richfield
44303,1.0,0.0,1.0,0.0,0.0,OH,1440.0,870.0,520.0,350.0,480.0,230.0,3890.0,9940.35475578406,0.0,2.0,Cuyahoga Falls
44310,1.0,1.0,0.0,0.0,0.0,OH,5400.0,3490.0,1010.0,390.0,190.0,0.0,10480.0,19480.0,0.0,1.0,Cuyahoga Falls
44320,3.0,0.0,3.0,0.0,0.0,OH,4440.0,2620.0,980.0,440.0,340.0,50.0,8870.0,17840.033821871482,0.0,2.0,Fairlawn
44321,20.0,6.0,13.0,1.0,0.0,OH,1910.0,1420.0,1130.0,920.0,1590.0,700.0,7670.0,23450.54758800521,0.0,1.75,Copley
44333,103.0,26.0,65.0,8.0,4.0,OH,2510.0,1470.0,1290.0,1050.0,1950.0,1340.0,9610.0,27470.836628511966,0.03883495145631068,1.9029126213592236,Fairlawn
44428,3.0,1.0,1.0,1.0,0.0,OH,630.0,420.0,230.0,120.0,110.0,0.0,1510.0,3670.0,0.0,2.0,Kinsman
44889,1.0,0.0,1.0,0.0,0.0,OH,1080.0,790.0,610.0,340.0,390.0,60.0,3270.0,9160.11009174312,0.0,2.0,Amherst
45069,1.0,0.0,1.0,0.0,0.0,OH,7110.0,4810.0,3530.0,2920.0,5480.0,2000.0,25850.0,78080.46421663443,0.0,2.0,Chester Township
45612,4.0,3.0,1.0,0.0,0.0,OH,830.0,560.0,300.0,130.0,110.0,0.0,1930.0,4440.0,0.0,1.25,Bainbridge
46501,2.0,1.0,1.0,0.0,0.0,IN,660.0,490.0,250.0,160.0,130.0,0.0,1690.0,4320.0,0.0,1.5,Argos
46773,2.0,0.0,2.0,0.0,0.0,IN,610.0,440.0,300.0,230.0,170.0,30.0,1780.0,5080.101123595506,0.0,2.0,Monroeville
47250,74.0,26.0,45.0,2.0,1.0,IN,4020.0,2550.0,1420.0,930.0,980.0,210.0,10110.0,25720.124629080117,0.013513513513513514,1.7027027027027026,Madison
53121,1.0,0.0,1.0,0.0,0.0,WI,3100.0,2100.0,1420.0,1020.0,1300.0,240.0,9180.0,26220.156862745098,0.0,2.0,Springfield
53207,1.0,0.0,1.0,0.0,0.0,WI,5700.0,5540.0,3410.0,1970.0,2020.0,230.0,18870.0,52870.073131955476,0.0,2.0,Bayview
53508,12.0,3.0,6.0,3.0,0.0,WI,660.0,610.0,460.0,360.0,510.0,80.0,2680.0,8690.179104477613,0.0,2.0,Paoli
53515,7.0,3.0,4.0,0.0,0.0,WI,330.0,270.0,220.0,170.0,210.0,60.0,1260.0,3940.285714285714,0.0,1.5714285714285714,Black Earth
53521,4.0,1.0,3.0,0.0,0.0,WI,500.0,380.0,270.0,240.0,390.0,80.0,1860.0,5940.258064516129,0.0,1.75,Brooklyn
53527,18.0,10.0,7.0,1.0,0.0,WI,1370.0,930.0,760.0,630.0,1300.0,270.0,5260.0,17050.307984790874,0.0,1.5,Cottage Grove
53528,16.0,11.0,5.0,0.0,0.0,WI,800.0,650.0,450.0,390.0,660.0,190.0,3140.0,9870.36305732484,0.0,1.3125,Cross Plains
53529,5.0,4.0,0.0,1.0,0.0,WI,270.0,260.0,140.0,130.0,210.0,50.0,1060.0,3300.283018867925,0.0,1.4,Dane
53532,27.0,12.0,15.0,0.0,0.0,WI,1910.0,1540.0,1050.0,1010.0,1570.0,260.0,7340.0,24070.212534059945,0.0,1.5555555555555556,DeForest
53558,35.0,13.0,18.0,3.0,1.0,WI,1530.0,1110.0,860.0,790.0,1450.0,330.0,6070.0,19900.326194398684,0.028571428571428567,1.7714285714285714,Mc Farland
53562,223.0,58.0,136.0,23.0,6.0,WI,3520.0,2960.0,2030.0,1460.0,2830.0,1670.0,14470.0,41360.69246717346,0.02690582959641256,1.896860986547085,Middleton
53565,1.0,1.0,0.0,0.0,0.0,WI,780.0,600.0,360.0,260.0,310.0,60.0,2370.0,6690.151898734177,0.0,1.0,Madison
53572,41.0,15.0,20.0,5.0,1.0,WI,1410.0,1020.0,680.0,560.0,1060.0,260.0,4990.0,15270.3126252505,0.024390243902439025,1.804878048780488,Mount Horeb
53575,36.0,11.0,24.0,1.0,0.0,WI,2020.0,1500.0,1170.0,920.0,1910.0,540.0,8060.0,25440.40198511166,0.0,1.7222222222222223,Oregon
53589,65.0,21.0,40.0,2.0,2.0,WI,3040.0,2340.0,1510.0,1210.0,1740.0,340.0,10180.0,30630.20039292732,0.030769230769230767,1.7692307692307692,Stoughton
53590,146.0,62.0,74.0,9.0,1.0,WI,5360.0,4620.0,3110.0,2450.0,3990.0,870.0,20400.0,63480.25588235294,0.00684931506849315,1.6506849315068493,Sun Prairie
53593,77.0,24.0,49.0,4.0,0.0,WI,2820.0,1960.0,1610.0,1320.0,3220.0,1560.0,12490.0,38230.74939951961,0.0,1.7402597402597402,Verona
53597,51.0,18.0,28.0,4.0,1.0,WI,2420.0,1610.0,1070.0,1010.0,2350.0,1060.0,9520.0,28680.66806722689,0.0196078431372549,1.7647058823529411,Waunakee
53598,12.0,5.0,6.0,1.0,0.0,WI,390.0,390.0,260.0,190.0,350.0,60.0,1640.0,5220.219512195122,0.0,1.6666666666666667,De Forest
53703,601.0,193.0,332.0,69.0,7.0,WI,5400.0,3780.0,1950.0,1120.0,1420.0,510.0,14180.0,34870.215796897035,0.011647254575707157,1.816971713810316,Madison
53704,394.0,135.0,221.0,32.0,6.0,WI,8040.0,7490.0,4080.0,2370.0,2550.0,610.0,25140.0,66970.14558472554,0.015228426395939087,1.769035532994924,Madison
53705,158.0,38.0,88.0,30.0,2.0,WI,3270.0,2620.0,1830.0,1240.0,2410.0,1240.0,12610.0,35970.590007930216,0.012658227848101266,1.9746835443037976,Madison
53706,31.0,28.0,2.0,1.0,0.0,WI,150.0,30.0,0.0,0.0,0.0,0.0,180.0,210.0,0.0,1.1290322580645162,Madison
53711,206.0,61.0,127.0,16.0,2.0,WI,6540.0,5200.0,3590.0,2790.0,4840.0,1910.0,24870.0,74230.46079613992,0.009708737864077669,1.800970873786408,Madison
53713,102.0,45.0,47.0,10.0,0.0,WI,4700.0,4110.0,1460.0,600.0,560.0,160.0,11590.0,24900.082830025884,0.0,1.656862745098039,Madison
53714,56.0,23.0,27.0,4.0,2.0,WI,2950.0,2760.0,1580.0,910.0,790.0,70.0,9060.0,24440.046357615895,0.03571428571428571,1.7321428571428572,Madison
53715,152.0,66.0,73.0,10.0,3.0,WI,1850.0,970.0,530.0,320.0,320.0,80.0,4070.0,9540.117936117937,0.01973684210526316,1.6710526315789471,Madison
53716,140.0,59.0,74.0,6.0,1.0,WI,2930.0,2620.0,1750.0,1350.0,1570.0,300.0,10520.0,32070.171102661603,0.0071428571428571435,1.6357142857142857,Madison
53717,125.0,36.0,76.0,13.0,0.0,WI,1560.0,1300.0,1020.0,770.0,1320.0,640.0,6610.0,19980.58093797277,0.0,1.8159999999999998,Madison
53718,47.0,16.0,28.0,2.0,1.0,WI,1780.0,2180.0,1600.0,1150.0,1390.0,210.0,8310.0,27090.151624548736,0.02127659574468085,1.74468085106383,Madison
53719,323.0,87.0,187.0,46.0,3.0,WI,3970.0,4340.0,2860.0,1930.0,3020.0,590.0,16710.0,51770.2118491921,0.009287925696594429,1.8916408668730649,Madison
53726,12.0,5.0,7.0,0.0,0.0,WI,760.0,310.0,170.0,100.0,370.0,270.0,1980.0,4540.818181818182,0.0,1.5833333333333333,Madison
54558,1.0,1.0,0.0,0.0,0.0,WI,420.0,300.0,170.0,100.0,130.0,40.0,1160.0,2980.206896551724,0.0,1.0,Vilas
54849,1.0,1.0,0.0,0.0,0.0,WI,280.0,200.0,150.0,140.0,150.0,30.0,950.0,3000.18947368421,0.0,1.0,Hawthorne
60007,3.0,3.0,0.0,0.0,0.0,IL,5420.0,4050.0,2880.0,2040.0,3340.0,730.0,18460.0,55180.23726977248,0.0,1.0,Elk Grove Villa
60018,1.0,0.0,1.0,0.0,0.0,IL,5610.0,4160.0,2260.0,1290.0,1680.0,330.0,15330.0,39430.12915851272,0.0,2.0,Urbana
61801,160.0,66.0,80.0,10.0,4.0,IL,3790.0,2240.0,970.0,540.0,850.0,320.0,8710.0,19750.220436280146,0.025,1.7,Urbana
61802,69.0,26.0,35.0,6.0,2.0,IL,3560.0,2520.0,1200.0,670.0,900.0,270.0,9120.0,22060.17763157895,0.028985507246376805,1.7681159420289856,Urbana
61817,1.0,1.0,0.0,0.0,0.0,IL,380.0,290.0,190.0,170.0,180.0,0.0,1210.0,3790.0,0.0,1.0,Oakwood
61820,504.0,198.0,255.0,44.0,7.0,IL,4550.0,2630.0,1040.0,560.0,600.0,160.0,9540.0,20410.100628930817,0.013888888888888888,1.7222222222222223,Champaign
61821,137.0,57.0,66.0,13.0,1.0,IL,5390.0,3600.0,2020.0,1220.0,1460.0,500.0,14190.0,35710.211416490485,0.007299270072992701,1.6934306569343065,Champaign
61822,140.0,48.0,79.0,11.0,2.0,IL,3090.0,2230.0,1610.0,1180.0,2320.0,1150.0,11580.0,33420.59585492228,0.014285714285714284,1.7642857142857142,Champaign
61843,1.0,0.0,1.0,0.0,0.0,IL,370.0,290.0,190.0,130.0,190.0,20.0,1190.0,3510.100840336135,0.0,2.0,Champaign
61844,1.0,1.0,0.0,0.0,0.0,IL,140.0,120.0,80.0,70.0,70.0,0.0,480.0,1530.0,0.0,1.0,Fithian
61847,2.0,1.0,1.0,0.0,0.0,IL,150.0,150.0,100.0,60.0,110.0,0.0,570.0,1780.0,0.0,1.5,Gifford
61849,3.0,2.0,1.0,0.0,0.0,IL,230.0,210.0,170.0,120.0,110.0,20.0,860.0,2670.139534883721,0.0,1.3333333333333333,Homer
61853,25.0,17.0,6.0,1.0,1.0,IL,1780.0,1030.0,830.0,790.0,1450.0,420.0,6300.0,19900.4,0.04,1.44,Mahomet
61854,2.0,2.0,0.0,0.0,0.0,IL,250.0,160.0,110.0,90.0,130.0,0.0,740.0,2270.0,0.0,1.0,Mansfield
61856,23.0,13.0,10.0,0.0,0.0,IL,1130.0,690.0,540.0,470.0,780.0,180.0,3790.0,11790.284960422163,0.0,1.4347826086956519,Monticello
61858,2.0,0.0,2.0,0.0,0.0,IL,480.0,350.0,260.0,190.0,210.0,0.0,1490.0,4530.0,0.0,2.0,Oakwood
61859,3.0,1.0,2.0,0.0,0.0,IL,150.0,150.0,90.0,80.0,110.0,0.0,580.0,1910.0,0.0,1.6666666666666667,Ogden
61864,2.0,0.0,2.0,0.0,0.0,IL,240.0,190.0,120.0,120.0,170.0,30.0,870.0,2790.206896551724,0.0,2.0,Philo
61866,28.0,15.0,13.0,0.0,0.0,IL,2880.0,1900.0,770.0,400.0,340.0,40.0,6330.0,13890.037914691944,0.0,1.4642857142857142,Rantoul
61873,12.0,5.0,6.0,1.0,0.0,IL,720.0,500.0,460.0,430.0,620.0,80.0,2810.0,9640.170818505338,0.0,1.6666666666666667,St Joseph
61874,39.0,12.0,25.0,2.0,0.0,IL,1060.0,800.0,500.0,390.0,800.0,220.0,3770.0,11280.350132625994,0.0,1.7435897435897436,Savoy
61877,1.0,1.0,0.0,0.0,0.0,IL,230.0,180.0,150.0,110.0,140.0,0.0,810.0,2620.0,0.0,1.0,Sidney
61953,26.0,10.0,14.0,2.0,0.0,IL,1070.0,730.0,470.0,350.0,390.0,70.0,3080.0,8690.136363636364,0.0,1.6923076923076923,Tuscola
61956,1.0,0.0,1.0,0.0,0.0,IL,520.0,350.0,210.0,140.0,140.0,0.0,1360.0,3670.0,0.0,2.0,Villa Grove
63376,1.0,0.0,0.0,1.0,0.0,MO,11600.0,8530.0,6080.0,4690.0,6860.0,1050.0,38810.0,118720.16232929654,0.0,3.0,St. Peters
75043,1.0,0.0,1.0,0.0,0.0,TX,11110.0,8170.0,4000.0,2200.0,2510.0,410.0,28400.0,69600.0866197183,0.0,2.0,Litchfield Park
77056,1.0,0.0,0.0,1.0,0.0,TX,2050.0,1720.0,1490.0,1060.0,1880.0,2380.0,10580.0,27841.349716446133,0.0,3.0,Houston
80428,6.0,0.0,4.0,2.0,0.0,CO,90.0,80.0,50.0,40.0,80.0,0.0,340.0,1120.0,0.0,2.333333333333333,Clark
85003,259.0,89.0,160.0,7.0,3.0,AZ,1330.0,960.0,490.0,320.0,530.0,270.0,3900.0,9930.415384615384,0.01158301158301158,1.7065637065637065,Phoenix
85004,402.0,132.0,231.0,33.0,6.0,AZ,990.0,740.0,440.0,240.0,350.0,200.0,2960.0,7460.405405405405,0.01492537313432836,1.7835820895522387,Phoenix
85006,164.0,75.0,79.0,10.0,0.0,AZ,4660.0,3060.0,1070.0,450.0,370.0,70.0,9680.0,19440.04338842976,0.0,1.6036585365853657,Phoenix
85007,97.0,63.0,31.0,2.0,1.0,AZ,2560.0,1400.0,490.0,260.0,390.0,200.0,5300.0,10860.22641509434,0.010309278350515464,1.3917525773195876,Phoenix
85008,266.0,132.0,119.0,11.0,4.0,AZ,11250.0,7880.0,2310.0,870.0,700.0,130.0,23140.0,44400.033707865165,0.015037593984962403,1.575187969924812,Phoenix
85009,108.0,68.0,38.0,0.0,2.0,AZ,9170.0,5360.0,980.0,220.0,160.0,50.0,15940.0,25390.018820577163,0.018518518518518517,1.4074074074074074,Phoenix
85012,230.0,72.0,141.0,15.0,2.0,AZ,1010.0,950.0,530.0,310.0,550.0,450.0,3800.0,9730.710526315792,0.008695652173913044,1.7695652173913043,Phoenix
85013,277.0,93.0,164.0,18.0,2.0,AZ,2970.0,2780.0,1550.0,870.0,1110.0,520.0,9800.0,25690.31836734694,0.007220216606498195,1.7436823104693138,Phoenix
85014,321.0,103.0,204.0,10.0,4.0,AZ,4200.0,3780.0,1790.0,900.0,1090.0,400.0,12160.0,29780.19736842105,0.012461059190031152,1.735202492211838,Phoenix
85015,180.0,100.0,73.0,4.0,3.0,AZ,7900.0,4680.0,1580.0,730.0,630.0,70.0,15590.0,30990.026940346368,0.016666666666666666,1.5,Phoenix
85016,623.0,178.0,354.0,77.0,14.0,AZ,5380.0,4910.0,2540.0,1390.0,2060.0,1280.0,17560.0,44240.437357630966,0.02247191011235955,1.8828250401284108,Phoenix
85017,141.0,87.0,46.0,5.0,3.0,AZ,8260.0,4430.0,970.0,280.0,170.0,0.0,14110.0,23120.0,0.02127659574468085,1.4609929078014183,Phoenix
85018,476.0,153.0,266.0,46.0,11.0,AZ,4870.0,3680.0,2160.0,1300.0,2600.0,2590.0,17200.0,42110.903488372096,0.023109243697478996,1.8214285714285716,Phoenix
85019,52.0,27.0,19.0,5.0,1.0,AZ,5380.0,3450.0,930.0,310.0,150.0,20.0,10240.0,18300.01171875,0.019230769230769232,1.6153846153846154,Phoenix
85020,240.0,112.0,115.0,8.0,5.0,AZ,5340.0,4210.0,2270.0,1310.0,1860.0,980.0,15970.0,40350.368190356916,0.02083333333333333,1.6083333333333334,Phoenix
85021,167.0,85.0,79.0,3.0,0.0,AZ,7060.0,4240.0,1630.0,960.0,1470.0,820.0,16180.0,35460.304079110014,0.0,1.5089820359281436,Phoenix
85022,308.0,125.0,169.0,9.0,5.0,AZ,7980.0,6490.0,3170.0,1920.0,2720.0,830.0,23110.0,59430.21549112938,0.016233766233766232,1.6558441558441561,Phoenix
85023,141.0,86.0,49.0,3.0,3.0,AZ,5580.0,4410.0,2080.0,1230.0,1570.0,470.0,15340.0,38330.18383311603,0.02127659574468085,1.453900709219858,Phoenix
85024,57.0,31.0,21.0,5.0,0.0,AZ,3400.0,2980.0,1940.0,1380.0,2000.0,350.0,12050.0,36220.174273858924,0.0,1.5438596491228067,Phoenix
85027,225.0,107.0,108.0,5.0,5.0,AZ,5750.0,5540.0,3060.0,1720.0,1490.0,150.0,17710.0,47220.05081874647,0.022222222222222227,1.5911111111111111,Phoenix
85028,114.0,39.0,64.0,8.0,3.0,AZ,2590.0,1780.0,1330.0,1120.0,2210.0,1060.0,10090.0,30150.630327056493,0.02631578947368421,1.7807017543859651,Phoenix
85029,237.0,125.0,106.0,4.0,2.0,AZ,8310.0,6260.0,2570.0,1230.0,940.0,150.0,19460.0,43080.04624871531,0.008438818565400843,1.5063291139240509,Phoenix
85031,76.0,46.0,29.0,1.0,0.0,AZ,6320.0,4030.0,870.0,240.0,100.0,0.0,11560.0,19410.0,0.0,1.4078947368421053,Phoenix
85032,683.0,264.0,373.0,39.0,7.0,AZ,11220.0,8510.0,4570.0,2650.0,3270.0,640.0,30860.0,79500.12443292286,0.010248901903367495,1.691068814055637,Phoenix
85033,85.0,52.0,30.0,3.0,0.0,AZ,11070.0,7670.0,1790.0,520.0,230.0,0.0,21280.0,37090.0,0.0,1.4235294117647062,Phoenix
85034,215.0,99.0,103.0,10.0,3.0,AZ,1050.0,630.0,230.0,90.0,60.0,30.0,2090.0,4020.0861244019134,0.013953488372093023,1.6139534883720932,Phoenix
85035,123.0,65.0,49.0,5.0,4.0,AZ,10120.0,7290.0,1600.0,370.0,130.0,0.0,19510.0,33110.0,0.032520325203252036,1.5772357723577235,Phoenix
85037,86.0,41.0,40.0,3.0,2.0,AZ,8460.0,7120.0,2580.0,1030.0,610.0,30.0,19830.0,41730.009077155824,0.02325581395348837,1.6046511627906976,Phoenix
85040,127.0,68.0,45.0,10.0,4.0,AZ,6040.0,3910.0,1030.0,350.0,210.0,40.0,11580.0,20800.0207253886,0.031496062992125984,1.6062992125984252,Phoenix
85041,110.0,67.0,41.0,1.0,1.0,AZ,10430.0,8230.0,2990.0,1300.0,1080.0,140.0,24170.0,51660.03475382706,0.00909090909090909,1.4181818181818182,Phoenix
85042,129.0,55.0,67.0,6.0,1.0,AZ,7160.0,5770.0,2320.0,1120.0,1340.0,350.0,18060.0,41320.11627906977,0.007751937984496123,1.6356589147286822,Phoenix
85043,86.0,48.0,33.0,3.0,2.0,AZ,5210.0,4610.0,1770.0,690.0,400.0,40.0,12720.0,27260.018867924533,0.02325581395348837,1.5232558139534884,Phoenix
85044,294.0,79.0,192.0,21.0,2.0,AZ,5270.0,4990.0,3180.0,2140.0,3190.0,1140.0,19910.0,57860.343545956806,0.006802721088435374,1.8163265306122451,Phoenix
85048,203.0,73.0,119.0,7.0,4.0,AZ,4020.0,2880.0,2090.0,1730.0,3590.0,1860.0,16170.0,47840.69016697588,0.019704433497536943,1.7142857142857142,Phoenix
85050,133.0,36.0,87.0,9.0,1.0,AZ,3440.0,2500.0,1940.0,1510.0,2960.0,1570.0,13920.0,41140.67672413793,0.0075187969924812035,1.8120300751879697,Phoenix
85051,229.0,101.0,114.0,10.0,4.0,AZ,8620.0,5870.0,2010.0,910.0,640.0,60.0,18110.0,36870.019878520165,0.017467248908296942,1.6375545851528384,Phoenix
85053,134.0,57.0,70.0,4.0,3.0,AZ,5250.0,4220.0,1950.0,1090.0,970.0,110.0,13590.0,33110.04856512141,0.022388059701492536,1.6492537313432836,Scottsdale
85054,228.0,47.0,142.0,34.0,5.0,AZ,740.0,790.0,630.0,450.0,710.0,320.0,3640.0,11360.527472527474,0.02192982456140351,1.9868421052631582,Phoenix
85083,19.0,7.0,12.0,0.0,0.0,AZ,1850.0,1110.0,960.0,940.0,2280.0,840.0,7980.0,25870.631578947367,0.0,1.631578947368421,Phoenix
85085,177.0,52.0,104.0,17.0,4.0,AZ,2320.0,2090.0,1550.0,1190.0,2620.0,880.0,10650.0,33770.49577464788,0.02259887005649717,1.847457627118644,Phoenix
85086,138.0,47.0,75.0,13.0,3.0,AZ,4500.0,2960.0,2270.0,2140.0,4030.0,1260.0,17160.0,54500.44055944057,0.021739130434782608,1.7971014492753623,Phoenix
85087,2.0,0.0,2.0,0.0,0.0,AZ,1140.0,670.0,540.0,490.0,850.0,190.0,3880.0,12270.293814432993,0.0,2.0,Phoenix
85120,1.0,0.0,1.0,0.0,0.0,AZ,4750.0,3250.0,1520.0,740.0,500.0,50.0,10810.0,24230.027752081405,0.0,2.0,Mesa
85140,11.0,3.0,7.0,1.0,0.0,AZ,4070.0,3820.0,2650.0,1750.0,1810.0,230.0,14330.0,42710.096301465455,0.0,1.818181818181818,San Tan Valley
85142,3.0,2.0,0.0,0.0,1.0,AZ,7030.0,5260.0,3950.0,3260.0,5050.0,1250.0,25800.0,80730.29069767441,0.3333333333333333,2.0,Mesa
85143,15.0,8.0,7.0,0.0,0.0,AZ,4450.0,4150.0,2710.0,1540.0,1310.0,120.0,14280.0,39750.05042016807,0.0,1.4666666666666666,San Tan Valley
85201,330.0,140.0,173.0,12.0,5.0,AZ,9400.0,6790.0,2290.0,950.0,750.0,130.0,20310.0,41200.038404726736,0.015151515151515154,1.6424242424242423,Mesa
85202,388.0,186.0,182.0,16.0,4.0,AZ,7250.0,5850.0,2320.0,1250.0,1380.0,200.0,18250.0,42810.06575342466,0.010309278350515464,1.5824742268041236,Mesa
85203,119.0,60.0,51.0,4.0,4.0,AZ,5950.0,4290.0,1950.0,1200.0,1440.0,340.0,15170.0,37180.13447593936,0.03361344537815126,1.5966386554621852,Mesa
85204,383.0,149.0,196.0,29.0,9.0,AZ,10590.0,8330.0,3280.0,1600.0,1190.0,160.0,25150.0,55840.03817097416,0.023498694516971282,1.7336814621409922,Mesa
85205,189.0,90.0,88.0,8.0,3.0,AZ,6400.0,4600.0,2570.0,1680.0,1930.0,540.0,17720.0,46400.18284424379,0.015873015873015872,1.5978835978835981,Mesa
85206,377.0,127.0,225.0,24.0,1.0,AZ,5220.0,4520.0,2460.0,1430.0,1400.0,220.0,15250.0,40080.08655737705,0.002652519893899204,1.7320954907161803,Mesa
85207,87.0,34.0,47.0,5.0,1.0,AZ,6170.0,4350.0,2710.0,1970.0,3510.0,1410.0,20120.0,56310.42047713718,0.011494252873563218,1.6896551724137931,Mesa
85208,89.0,38.0,47.0,2.0,2.0,AZ,5680.0,4200.0,2320.0,1270.0,960.0,100.0,14530.0,36000.04129387474,0.02247191011235955,1.6404494382022472,Mesa
85209,174.0,76.0,91.0,7.0,0.0,AZ,5330.0,4290.0,2850.0,1890.0,2450.0,360.0,17170.0,49830.12580081538,0.0,1.6034482758620692,Mesa
85210,303.0,128.0,157.0,14.0,4.0,AZ,7290.0,5380.0,1840.0,920.0,860.0,110.0,16400.0,35230.04024390244,0.0132013201320132,1.6501650165016502,Mesa
85212,59.0,23.0,32.0,3.0,1.0,AZ,3940.0,2760.0,2240.0,2060.0,3390.0,460.0,14850.0,49610.18585858586,0.01694915254237288,1.6949152542372878,Mesa
85213,79.0,35.0,38.0,6.0,0.0,AZ,4510.0,3270.0,1950.0,1350.0,2360.0,850.0,14290.0,39500.35689293212,0.0,1.6329113924050631,Mesa
85215,135.0,37.0,94.0,3.0,1.0,AZ,2320.0,1570.0,1160.0,850.0,1350.0,430.0,7680.0,22490.3359375,0.007407407407407408,1.7629629629629633,Mesa
85224,447.0,176.0,245.0,21.0,5.0,AZ,6500.0,6200.0,3770.0,2400.0,2850.0,620.0,22340.0,63660.166517457474,0.011185682326621923,1.6756152125279642,Chandler
85225,393.0,169.0,208.0,14.0,2.0,AZ,11510.0,9310.0,4750.0,2720.0,3280.0,560.0,32130.0,82540.1045751634,0.005089058524173028,1.6157760814249365,Chandler
85226,686.0,171.0,416.0,86.0,13.0,AZ,4990.0,4380.0,2850.0,2100.0,3420.0,1050.0,18790.0,56200.335284725916,0.018950437317784258,1.91399416909621,Chandler
85233,310.0,108.0,182.0,14.0,6.0,AZ,4960.0,4100.0,2720.0,1990.0,3240.0,780.0,17790.0,53440.26306913997,0.01935483870967742,1.7354838709677418,Gilbert
85234,252.0,96.0,143.0,12.0,1.0,AZ,6360.0,4530.0,3030.0,2440.0,4130.0,1270.0,21760.0,64680.35018382352,0.003968253968253968,1.6746031746031746,Gilbert
85248,185.0,57.0,111.0,15.0,2.0,AZ,3980.0,3080.0,2350.0,1910.0,3730.0,1750.0,16800.0,51120.625,0.010810810810810813,1.7945945945945947,Chandler
85249,91.0,36.0,49.0,5.0,1.0,AZ,4640.0,2530.0,2080.0,1930.0,5010.0,2530.0,18720.0,56430.8108974359,0.01098901098901099,1.6813186813186811,Chandler
85250,251.0,51.0,156.0,38.0,6.0,AZ,2390.0,2050.0,1490.0,1070.0,1440.0,610.0,9050.0,26720.404419889503,0.023904382470119518,1.9960159362549799,Scottsdale
85251,1268.0,214.0,806.0,201.0,47.0,AZ,6190.0,5400.0,3140.0,1800.0,2440.0,1480.0,20450.0,53010.43422982885,0.03706624605678233,2.063880126182965,Scottsdale
85253,270.0,28.0,164.0,69.0,9.0,AZ,1690.0,940.0,680.0,510.0,1110.0,3150.0,8080.0,15242.339108910892,0.03333333333333333,2.2185185185185183,Scottsdale
85254,661.0,146.0,397.0,102.0,16.0,AZ,5640.0,3760.0,2990.0,2610.0,5160.0,2770.0,22930.0,68810.7248146533,0.024205748865355526,1.9818456883509836,Phoenix
85255,321.0,52.0,209.0,48.0,12.0,AZ,4080.0,2370.0,1960.0,1730.0,4490.0,5400.0,20030.0,50991.61757363954,0.037383177570093455,2.062305295950156,Scottsdale
85256,14.0,4.0,10.0,0.0,0.0,AZ,1040.0,510.0,280.0,150.0,140.0,0.0,2120.0,4800.0,0.0,1.7142857142857142,Scottsdale
85257,255.0,97.0,137.0,18.0,3.0,AZ,4940.0,4260.0,2480.0,1380.0,1610.0,320.0,14990.0,39990.12808539026,0.011764705882352941,1.7137254901960783,Scottsdale
85258,379.0,86.0,236.0,45.0,12.0,AZ,2900.0,2070.0,1670.0,1330.0,2690.0,1910.0,12570.0,36140.91169451074,0.0316622691292876,1.9551451187335087,Scottsdale
85259,79.0,24.0,51.0,2.0,2.0,AZ,2460.0,1540.0,1150.0,880.0,2120.0,2410.0,10560.0,26631.369318181816,0.02531645569620253,1.7721518987341771,Scottsdale
85260,713.0,172.0,420.0,96.0,25.0,AZ,4720.0,3570.0,2760.0,1940.0,3550.0,2340.0,18880.0,53410.7436440678,0.035063113604488085,1.9635343618513323,Scottsdale
85262,27.0,4.0,12.0,8.0,3.0,AZ,900.0,560.0,470.0,450.0,1340.0,1660.0,5380.0,13731.85130111524,0.1111111111111111,2.3703703703703702,Scottsdale
85264,8.0,3.0,5.0,0.0,0.0,AZ,140.0,230.0,140.0,70.0,80.0,30.0,690.0,1980.2608695652173,0.0,1.625,Fort McDowell
85266,70.0,14.0,39.0,13.0,4.0,AZ,1010.0,530.0,450.0,430.0,1280.0,1350.0,5050.0,13261.60396039604,0.057142857142857134,2.1,Scottsdale
85268,154.0,42.0,95.0,13.0,4.0,AZ,2800.0,1960.0,1540.0,1210.0,2290.0,1150.0,10950.0,32470.630136986303,0.025974025974025976,1.8636363636363635,Fountain Hills
85281,1010.0,411.0,540.0,43.0,16.0,AZ,10220.0,6390.0,2310.0,1050.0,1000.0,320.0,21290.0,43330.09018318459,0.015841584158415842,1.6673267326732673,Tempe
85282,584.0,226.0,315.0,30.0,13.0,AZ,8890.0,7350.0,3460.0,1990.0,2340.0,420.0,24450.0,61590.103067484655,0.022260273972602742,1.7089041095890412,Tempe
85283,344.0,157.0,177.0,7.0,3.0,AZ,7390.0,6390.0,3150.0,1830.0,2280.0,550.0,21590.0,55660.152848540994,0.008720930232558141,1.5813953488372092,Tempe
85284,318.0,100.0,193.0,19.0,6.0,AZ,2100.0,1520.0,1140.0,970.0,2320.0,1570.0,9620.0,27920.97920997921,0.018867924528301886,1.7830188679245282,Tempe
85286,272.0,87.0,169.0,10.0,6.0,AZ,4520.0,3200.0,2330.0,2120.0,4570.0,1720.0,18460.0,57720.559046587216,0.02205882352941177,1.7610294117647058,Chandler
85295,461.0,138.0,265.0,50.0,8.0,AZ,5020.0,3900.0,2920.0,2430.0,3930.0,1160.0,19360.0,60670.35950413223,0.01735357917570499,1.8438177874186552,Gilbert
85296,239.0,85.0,141.0,13.0,0.0,AZ,5010.0,3940.0,3140.0,2490.0,4150.0,1060.0,19790.0,62980.32137443152,0.0,1.6987447698744769,Higley
85297,57.0,15.0,39.0,1.0,2.0,AZ,3210.0,2170.0,1780.0,1700.0,3200.0,910.0,12970.0,42490.42097147263,0.03508771929824561,1.824561403508772,Gilbert
85298,90.0,30.0,57.0,3.0,0.0,AZ,3180.0,1890.0,1810.0,1830.0,4400.0,1510.0,14620.0,49030.619699042414,0.0,1.7,Gilbert
85301,269.0,137.0,123.0,7.0,2.0,AZ,12880.0,7230.0,1760.0,540.0,370.0,30.0,22810.0,38790.00789127575,0.007434944237918215,1.5315985130111525,Glendale
85302,180.0,81.0,92.0,4.0,3.0,AZ,7090.0,5450.0,2310.0,1270.0,1000.0,80.0,17200.0,40080.027906976735,0.016666666666666666,1.6055555555555556,Glendale
85303,39.0,17.0,19.0,1.0,2.0,AZ,5840.0,4330.0,1620.0,760.0,590.0,80.0,13220.0,28390.036308623297,0.05128205128205128,1.6923076923076923,Glendale
85304,58.0,25.0,30.0,3.0,0.0,AZ,4140.0,3350.0,1860.0,1200.0,1420.0,200.0,12170.0,33120.09860312243,0.0,1.6206896551724137,Glendale
85305,147.0,40.0,95.0,12.0,0.0,AZ,1830.0,1700.0,860.0,550.0,680.0,90.0,5710.0,15610.094570928195,0.0,1.809523809523809,Glendale
85306,136.0,61.0,67.0,6.0,2.0,AZ,3920.0,3100.0,1730.0,980.0,1030.0,150.0,10910.0,28300.082493125567,0.014705882352941175,1.625,Glendale
85307,33.0,20.0,12.0,1.0,0.0,AZ,1440.0,1440.0,570.0,310.0,240.0,30.0,4030.0,9710.044665012409,0.0,1.4242424242424243,Glendale
85308,760.0,214.0,479.0,55.0,12.0,AZ,8810.0,7330.0,4710.0,3340.0,5000.0,1110.0,30300.0,89320.2198019802,0.015789473684210527,1.822368421052632,Glendale
85310,86.0,34.0,47.0,3.0,2.0,AZ,2360.0,1690.0,1380.0,1130.0,2030.0,600.0,9190.0,29070.391730141466,0.02325581395348837,1.6860465116279069,Glendale
85323,137.0,75.0,56.0,6.0,0.0,AZ,6730.0,5760.0,2470.0,1090.0,800.0,70.0,16920.0,38380.02482269504,0.0,1.4963503649635037,Avondale
85326,105.0,53.0,47.0,4.0,1.0,AZ,7740.0,7430.0,3860.0,2110.0,1810.0,160.0,23110.0,60110.041540458675,0.009523809523809523,1.5523809523809524,Buckeye
85331,194.0,43.0,130.0,16.0,5.0,AZ,3250.0,1800.0,1380.0,1410.0,3440.0,1880.0,13160.0,39470.857142857145,0.02577319587628866,1.9123711340206184,Cave Creek
85335,41.0,21.0,17.0,2.0,1.0,AZ,5600.0,4960.0,1940.0,880.0,460.0,30.0,13870.0,30680.012977649603,0.024390243902439025,1.5853658536585369,El Mirage
85338,193.0,86.0,94.0,10.0,3.0,AZ,6670.0,5840.0,3790.0,2680.0,3270.0,490.0,22740.0,67510.12928759895,0.015544041450777204,1.637305699481865,Goodyear
85339,85.0,37.0,42.0,5.0,1.0,AZ,6300.0,5440.0,2990.0,1790.0,1820.0,220.0,18560.0,49570.071120689645,0.011764705882352941,1.6470588235294117,Laveen
85340,96.0,31.0,54.0,11.0,0.0,AZ,3520.0,2700.0,1830.0,1490.0,2660.0,810.0,13010.0,39630.373558800915,0.0,1.7916666666666667,Litchfield Park
85342,2.0,0.0,1.0,0.0,1.0,AZ,190.0,120.0,80.0,40.0,70.0,0.0,500.0,1340.0,0.5,3.0,Peoria
85345,286.0,124.0,144.0,14.0,4.0,AZ,9500.0,7970.0,3980.0,2040.0,1620.0,110.0,25220.0,61800.02616970657,0.013986013986013986,1.643356643356643,Glendale
85351,78.0,33.0,39.0,4.0,2.0,AZ,5580.0,3600.0,2260.0,1230.0,1110.0,150.0,13930.0,34950.064608758075,0.02564102564102564,1.6794871794871795,Sun City
85353,88.0,46.0,35.0,3.0,4.0,AZ,6070.0,5660.0,2410.0,1170.0,650.0,50.0,16010.0,37230.01873828857,0.045454545454545456,1.6022727272727273,Tolleson
85355,4.0,3.0,1.0,0.0,0.0,AZ,1260.0,990.0,800.0,670.0,1030.0,180.0,4930.0,16150.21906693712,0.0,1.25,Waddell
85361,1.0,1.0,0.0,0.0,0.0,AZ,1000.0,660.0,370.0,220.0,310.0,30.0,2590.0,6740.069498069498,0.0,1.0,Surprise
85363,24.0,14.0,10.0,0.0,0.0,AZ,1220.0,920.0,380.0,160.0,100.0,0.0,2780.0,5980.0,0.0,1.4166666666666667,Youngtown
85373,30.0,14.0,15.0,1.0,0.0,AZ,2720.0,1930.0,1420.0,990.0,1050.0,110.0,8220.0,24010.080291970804,0.0,1.5666666666666669,Sun City
85374,350.0,114.0,214.0,16.0,6.0,AZ,5470.0,4640.0,3130.0,2110.0,2250.0,310.0,17910.0,52270.103852596316,0.017142857142857144,1.7542857142857142,Surprise
85375,34.0,12.0,20.0,1.0,1.0,AZ,3840.0,2930.0,2360.0,1790.0,2120.0,350.0,13390.0,41700.156833457804,0.029411764705882356,1.7352941176470589,Sun City West
85377,58.0,6.0,43.0,8.0,1.0,AZ,390.0,270.0,190.0,170.0,440.0,380.0,1840.0,5061.239130434783,0.017241379310344827,2.0689655172413794,Cave Creek
85379,93.0,39.0,50.0,4.0,0.0,AZ,5330.0,4510.0,3160.0,2240.0,2600.0,300.0,18140.0,54750.09922822492,0.0,1.6236559139784943,Surprise
85381,133.0,65.0,61.0,5.0,2.0,AZ,3680.0,3090.0,1940.0,1340.0,1900.0,350.0,12300.0,35900.170731707316,0.015037593984962403,1.5789473684210529,Peoria
85382,306.0,78.0,204.0,20.0,4.0,AZ,5600.0,4530.0,3080.0,2310.0,3280.0,510.0,19310.0,58780.158467115485,0.013071895424836602,1.8366013071895424,Peoria
85383,136.0,37.0,92.0,6.0,1.0,AZ,5320.0,3450.0,2890.0,2900.0,6760.0,2450.0,23770.0,77890.61842658813,0.007352941176470587,1.7867647058823528,Peoria
85387,4.0,0.0,3.0,0.0,1.0,AZ,1330.0,1090.0,860.0,700.0,940.0,180.0,5100.0,16390.211764705884,0.25,2.5,Surprise
85388,50.0,25.0,22.0,2.0,1.0,AZ,3110.0,2710.0,1910.0,1500.0,1700.0,150.0,11080.0,34760.081227436815,0.02,1.58,Surprise
85392,224.0,85.0,127.0,8.0,4.0,AZ,5370.0,4760.0,2700.0,1620.0,1780.0,200.0,16430.0,44850.073037127215,0.017857142857142856,1.6919642857142858,Avondale
85395,225.0,53.0,163.0,8.0,1.0,AZ,2920.0,2340.0,1750.0,1710.0,3300.0,790.0,12810.0,43030.3700234192,0.004444444444444445,1.8088888888888892,Goodyear
85396,18.0,5.0,13.0,0.0,0.0,AZ,2070.0,1800.0,1360.0,1240.0,1970.0,400.0,8840.0,29520.27149321267,0.0,1.7222222222222223,Buckeye
85545,2.0,1.0,1.0,0.0,0.0,AZ,70.0,40.0,30.0,30.0,0.0,0.0,170.0,480.0,0.0,1.5,Roosevelt
89002,43.0,19.0,22.0,1.0,1.0,NV,4530.0,3470.0,2520.0,1950.0,3050.0,570.0,16090.0,49880.2125543816,0.02325581395348837,1.627906976744186,Henderson
89004,5.0,0.0,4.0,0.0,1.0,NV,40.0,40.0,30.0,20.0,50.0,0.0,180.0,620.0,0.2,2.4,Blue Diamond
89005,129.0,48.0,75.0,6.0,0.0,NV,2170.0,1520.0,1080.0,760.0,1190.0,340.0,7060.0,20480.28895184136,0.0,1.6744186046511629,Henderson
89011,108.0,34.0,61.0,7.0,6.0,NV,3870.0,3570.0,1960.0,1220.0,1650.0,580.0,12850.0,34900.270817120625,0.05555555555555555,1.8611111111111112,Henderson
89012,236.0,71.0,146.0,16.0,3.0,NV,4120.0,3370.0,2530.0,1870.0,2960.0,1180.0,16030.0,48210.441671865265,0.012711864406779662,1.7923728813559323,Henderson
89014,649.0,216.0,375.0,44.0,14.0,NV,6780.0,5630.0,2820.0,1630.0,1960.0,450.0,19270.0,49340.1401141671,0.02157164869029276,1.778120184899846,Henderson
89015,229.0,119.0,100.0,6.0,4.0,NV,6600.0,4820.0,2550.0,1600.0,1790.0,310.0,17670.0,45640.10526315789,0.017467248908296942,1.5414847161572052,Henderson
89019,2.0,1.0,0.0,1.0,0.0,NV,480.0,350.0,110.0,80.0,80.0,0.0,1100.0,2550.0,0.0,2.0,Las Vegas
89030,187.0,102.0,78.0,6.0,1.0,NV,10890.0,6670.0,1520.0,380.0,150.0,20.0,19630.0,32580.0061130922,0.0053475935828877,1.497326203208556,North Las Vegas
89031,202.0,100.0,96.0,6.0,0.0,NV,10750.0,9820.0,5100.0,2960.0,2700.0,210.0,31540.0,82870.03994927077,0.0,1.534653465346535,North Las Vegas
89032,202.0,89.0,99.0,12.0,2.0,NV,7900.0,6820.0,2880.0,1390.0,1040.0,70.0,20100.0,46500.020895522386,0.0099009900990099,1.6386138613861383,North Las Vegas
89044,22.0,5.0,13.0,4.0,0.0,NV,2090.0,1740.0,1620.0,1370.0,2550.0,960.0,10330.0,34140.557599225554,0.0,1.9545454545454544,Henderson
89052,520.0,142.0,334.0,34.0,10.0,NV,6580.0,4900.0,3690.0,2880.0,5340.0,2760.0,26150.0,77190.63326959847,0.019230769230769232,1.8307692307692307,Henderson
89074,259.0,102.0,137.0,13.0,7.0,NV,7570.0,6200.0,3970.0,2540.0,3610.0,1240.0,25130.0,70250.29606048547,0.027027027027027032,1.7104247104247103,Henderson
89081,77.0,37.0,37.0,2.0,1.0,NV,5580.0,5300.0,2570.0,1410.0,1250.0,100.0,16210.0,41420.03701418877,0.012987012987012988,1.5714285714285714,North Las Vegas
89084,129.0,53.0,70.0,5.0,1.0,NV,3390.0,3010.0,1990.0,1450.0,1980.0,290.0,12110.0,36880.14368290669,0.007751937984496123,1.6434108527131783,North Las Vegas
89085,2.0,0.0,2.0,0.0,0.0,NV,400.0,300.0,290.0,300.0,380.0,50.0,1720.0,6170.174418604651,0.0,2.0,Las Vegas
89086,16.0,3.0,13.0,0.0,0.0,NV,950.0,890.0,340.0,190.0,150.0,0.0,2520.0,6020.0,0.0,1.8125,North Las Vegas
89101,609.0,226.0,325.0,45.0,13.0,NV,8540.0,4820.0,1050.0,320.0,230.0,110.0,15070.0,25040.04379562044,0.02134646962233169,1.7454844006568144,Las Vegas
89102,729.0,276.0,394.0,42.0,17.0,NV,8030.0,5170.0,1270.0,560.0,630.0,290.0,15950.0,29810.109090909093,0.0233196159122085,1.7256515775034291,Las Vegas
89103,869.0,296.0,490.0,65.0,18.0,NV,10790.0,8660.0,2470.0,940.0,780.0,310.0,23950.0,46940.07766179541,0.020713463751438437,1.7756041426927502,Las Vegas
89104,443.0,209.0,208.0,18.0,8.0,NV,9100.0,6080.0,1730.0,630.0,450.0,70.0,18060.0,33740.023255813954,0.01805869074492099,1.6049661399548534,Las Vegas
89106,266.0,66.0,144.0,45.0,11.0,NV,5720.0,3260.0,880.0,310.0,200.0,60.0,10430.0,18360.034515819752,0.04135338345864661,2.0037593984962405,Las Vegas
89107,235.0,92.0,112.0,24.0,7.0,NV,7740.0,5680.0,1990.0,800.0,650.0,320.0,17180.0,34720.111757857965,0.029787234042553193,1.7702127659574467,Las Vegas
89108,275.0,129.0,137.0,9.0,0.0,NV,14290.0,10740.0,3720.0,1570.0,1190.0,150.0,31660.0,65440.02842703727,0.0,1.5636363636363635,Las Vegas
89109,2226.0,339.0,1163.0,480.0,244.0,NV,1310.0,890.0,340.0,220.0,360.0,450.0,3570.0,7670.756302521008,0.1096136567834681,2.2825696316262354,Las Vegas
89110,167.0,92.0,66.0,7.0,2.0,NV,13690.0,10150.0,3340.0,1500.0,1360.0,170.0,30210.0,62810.03376365442,0.011976047904191616,1.5149700598802396,Las Vegas
89113,392.0,131.0,242.0,10.0,9.0,NV,4560.0,4660.0,2490.0,1390.0,1780.0,770.0,15650.0,41370.29520766773,0.02295918367346939,1.7372448979591837,Las Vegas
89115,135.0,69.0,62.0,3.0,1.0,NV,11810.0,7880.0,2190.0,710.0,360.0,30.0,22980.0,41620.00783289817,0.007407407407407408,1.525925925925926,Las Vegas
89117,611.0,150.0,407.0,47.0,7.0,NV,9410.0,7880.0,3980.0,2260.0,3010.0,1450.0,27990.0,70240.31082529474,0.011456628477905071,1.8543371522094927,Las Vegas
89118,445.0,153.0,254.0,24.0,14.0,NV,3830.0,3630.0,1340.0,600.0,690.0,280.0,10370.0,23360.162005785918,0.031460674157303366,1.7730337078651686,Las Vegas
89119,1132.0,370.0,621.0,114.0,27.0,NV,10970.0,7200.0,1970.0,770.0,570.0,160.0,21640.0,40290.04436229205,0.02385159010600707,1.8215547703180213,Las Vegas
89120,275.0,118.0,142.0,13.0,2.0,NV,4450.0,3540.0,1520.0,770.0,950.0,310.0,11540.0,27000.16117850953,0.007272727272727274,1.6327272727272728,las vegas
89121,403.0,201.0,181.0,17.0,4.0,NV,13860.0,9640.0,3220.0,1430.0,1190.0,210.0,29550.0,60190.042639593914,0.009925558312655087,1.5632754342431765,Las Vegas
89122,103.0,47.0,51.0,4.0,1.0,NV,9540.0,8180.0,3150.0,1340.0,960.0,100.0,23270.0,50870.0257842716,0.009708737864077669,1.6019417475728157,Las Vegas
89123,684.0,210.0,433.0,37.0,4.0,NV,8820.0,7810.0,4430.0,2680.0,3450.0,770.0,27960.0,76420.1652360515,0.005847953216374269,1.7587719298245614,Las Vegas
89124,14.0,4.0,10.0,0.0,0.0,NV,70.0,50.0,50.0,30.0,90.0,0.0,290.0,1010.0,0.0,1.7142857142857142,Las Vegas
89128,284.0,91.0,168.0,21.0,4.0,NV,6440.0,5300.0,2450.0,1370.0,1690.0,440.0,17690.0,43800.14923685698,0.014084507042253518,1.7816901408450705,Las Vegas
89129,178.0,75.0,92.0,7.0,4.0,NV,7740.0,6510.0,4040.0,2540.0,3240.0,890.0,24960.0,69400.21394230769,0.02247191011235955,1.6629213483146068,Las Vegas
89130,268.0,119.0,131.0,16.0,2.0,NV,5110.0,4190.0,2560.0,1680.0,2140.0,330.0,16010.0,45310.12367270456,0.00746268656716418,1.6305970149253732,Las Vegas
89131,126.0,39.0,83.0,4.0,0.0,NV,5490.0,4250.0,3170.0,2540.0,4570.0,1260.0,21280.0,66670.3552631579,0.0,1.7222222222222223,Las Vegas
89134,115.0,39.0,68.0,6.0,2.0,NV,3370.0,2490.0,1990.0,1530.0,2340.0,1190.0,12910.0,38260.55305964369,0.017391304347826087,1.7478260869565216,Las Vegas
89135,281.0,65.0,174.0,40.0,2.0,NV,3100.0,2240.0,1850.0,1500.0,3080.0,2280.0,14050.0,40530.97366548043,0.007117437722419929,1.9252669039145909,Las Vegas
89138,18.0,7.0,10.0,1.0,0.0,NV,1410.0,920.0,860.0,720.0,1770.0,1210.0,6890.0,20441.053701015964,0.0,1.6666666666666667,Las Vegas
89139,274.0,103.0,148.0,18.0,5.0,NV,6240.0,6330.0,3380.0,1770.0,2120.0,520.0,20360.0,53800.153241650296,0.01824817518248175,1.7262773722627738,Las Vegas
89141,71.0,25.0,41.0,5.0,0.0,NV,3730.0,3560.0,2350.0,1670.0,2370.0,910.0,14590.0,43110.37422892392,0.0,1.7183098591549295,Las Vegas
89142,54.0,31.0,21.0,1.0,1.0,NV,6470.0,5590.0,2010.0,850.0,630.0,50.0,15600.0,33630.01923076924,0.018518518518518517,1.4814814814814814,Las Vegas
89143,34.0,11.0,22.0,1.0,0.0,NV,1530.0,1310.0,990.0,680.0,940.0,140.0,5590.0,17260.150268336314,0.0,1.7058823529411764,Las Vegas
89144,33.0,7.0,22.0,3.0,1.0,NV,2210.0,1780.0,1330.0,950.0,1600.0,990.0,8860.0,25360.670428893907,0.030303030303030307,1.9393939393939397,Las Vegas
89145,314.0,76.0,199.0,34.0,5.0,NV,4300.0,3650.0,1710.0,960.0,960.0,570.0,12150.0,29210.28148148148,0.01592356687898089,1.8980891719745223,Las Vegas
89146,562.0,243.0,287.0,26.0,6.0,NV,4100.0,2590.0,990.0,530.0,590.0,250.0,9050.0,19440.165745856353,0.010676156583629894,1.6352313167259789,Las Vegas
89147,637.0,211.0,394.0,28.0,4.0,NV,9570.0,8590.0,4060.0,1930.0,1940.0,480.0,26570.0,64070.108392924354,0.006279434850863423,1.7252747252747254,Las Vegas
89148,295.0,112.0,165.0,13.0,5.0,NV,7600.0,7100.0,4250.0,2530.0,2940.0,730.0,25150.0,69490.17415506959,0.01694915254237288,1.6983050847457628,Las Vegas
89149,254.0,85.0,158.0,10.0,1.0,NV,4770.0,4250.0,2910.0,1980.0,3030.0,1020.0,17960.0,52990.34075723831,0.003937007874015748,1.7125984251968505,Las Vegas
89156,34.0,18.0,15.0,1.0,0.0,NV,5190.0,4070.0,1520.0,650.0,460.0,50.0,11940.0,25390.02512562814,0.0,1.5,Las Vegas
89166,11.0,4.0,7.0,0.0,0.0,NV,2140.0,2380.0,1890.0,1310.0,1780.0,210.0,9710.0,31950.1297631308,0.0,1.6363636363636365,Las Vegas
89169,417.0,102.0,204.0,72.0,39.0,NV,5310.0,2980.0,710.0,250.0,230.0,120.0,9600.0,16550.075,0.09352517985611512,2.115107913669065,Las Vegas
89178,32.0,11.0,19.0,1.0,1.0,NV,4340.0,4640.0,3140.0,1990.0,2580.0,520.0,17210.0,51860.18128994772,0.03125,1.75,Las Vegas
89179,3.0,2.0,1.0,0.0,0.0,NV,1000.0,1170.0,960.0,720.0,900.0,110.0,4860.0,16480.135802469136,0.0,1.3333333333333333,Las Vegas
89183,311.0,112.0,186.0,9.0,4.0,NV,5710.0,5500.0,2940.0,1540.0,1510.0,380.0,17580.0,45400.129692832765,0.012861736334405145,1.6945337620578778,Las Vegas
89191,10.0,7.0,3.0,0.0,0.0,NV,480.0,70.0,30.0,40.0,0.0,0.0,620.0,1030.0,0.0,1.3,Nellis AFB
89410,1.0,0.0,1.0,0.0,0.0,NV,1800.0,1240.0,870.0,580.0,760.0,220.0,5470.0,15330.241316270569,0.0,2.0,Topaz
90014,1.0,1.0,0.0,0.0,0.0,CA,1200.0,720.0,480.0,360.0,540.0,190.0,3490.0,9660.32664756447,0.0,1.0,Las Vegas
90042,1.0,0.0,1.0,0.0,0.0,CA,10670.0,7560.0,3760.0,2110.0,2680.0,650.0,27430.0,67350.14218009479,0.0,2.0,Markham
90802,1.0,0.0,1.0,0.0,0.0,CA,6740.0,5610.0,3120.0,1910.0,2090.0,520.0,19990.0,53050.15607803902,0.0,2.0,Las Vegas
91355,1.0,0.0,1.0,0.0,0.0,CA,3950.0,2520.0,2100.0,1860.0,3720.0,1430.0,15580.0,48770.55070603338,0.0,2.0,Charlotte
91902,1.0,0.0,1.0,0.0,0.0,CA,2390.0,1660.0,1110.0,920.0,1840.0,680.0,8600.0,25600.47441860465,0.0,2.0,National City
92328,1.0,0.0,1.0,0.0,0.0,CA,80.0,60.0,30.0,20.0,0.0,0.0,190.0,450.0,0.0,2.0,Las Vegas
92647,1.0,1.0,0.0,0.0,0.0,CA,9500.0,6480.0,3760.0,2620.0,4770.0,1400.0,28530.0,78550.29442691902,0.0,1.0,Las Vegas
95133,1.0,1.0,0.0,0.0,0.0,CA,4070.0,3120.0,1840.0,1280.0,2210.0,930.0,13450.0,37120.41486988848,0.0,1.0,Las Vegas
97490,3.0,1.0,2.0,0.0,0.0,OR,50.0,40.0,0.0,20.0,0.0,0.0,110.0,290.0,0.0,1.6666666666666667,Walton
97504,1.0,1.0,0.0,0.0,0.0,OR,7600.0,5050.0,2950.0,2080.0,3100.0,1020.0,21800.0,58690.28073394496,0.0,1.0,Phoenix
97535,39.0,19.0,19.0,1.0,0.0,OR,1130.0,670.0,350.0,170.0,170.0,40.0,2530.0,5730.094861660079,0.0,1.5384615384615383,Phoenix
