zip,counts,one_dollar,two_dollar,three_dollar,four_dollar,state,1,2,3,4,5,6,total,affluence
12919,7.0,3.0,3.0,1.0,0.0,NY,580.0,420.0,250.0,170.0,160.0,0.0,1580.0,4330.0
12923,1.0,1.0,0.0,0.0,0.0,NY,80.0,70.0,30.0,20.0,20.0,0.0,220.0,570.0
12979,6.0,4.0,1.0,1.0,0.0,NY,430.0,290.0,160.0,130.0,160.0,0.0,1170.0,3330.0
15003,28.0,19.0,8.0,0.0,1.0,PA,2340.0,1650.0,820.0,450.0,360.0,40.0,5660.0,13500.042402826855
15006,1.0,0.0,0.0,1.0,0.0,PA,60.0,40.0,40.0,40.0,0.0,0.0,180.0,580.0
15010,2.0,2.0,0.0,0.0,0.0,PA,5010.0,3180.0,1900.0,1340.0,1610.0,270.0,13310.0,35840.121712997745
15015,1.0,0.0,1.0,0.0,0.0,PA,160.0,70.0,60.0,70.0,190.0,110.0,660.0,1991.0
15017,119.0,41.0,70.0,6.0,2.0,PA,2380.0,1930.0,1320.0,910.0,1330.0,520.0,8390.0,24130.37187127533
15024,14.0,7.0,7.0,0.0,0.0,PA,1470.0,1050.0,650.0,490.0,630.0,180.0,4470.0,12590.241610738254
15025,11.0,5.0,5.0,1.0,0.0,PA,2870.0,1740.0,1000.0,730.0,1200.0,370.0,7910.0,21190.280657395702
15026,4.0,1.0,3.0,0.0,0.0,PA,580.0,400.0,300.0,230.0,410.0,90.0,2010.0,6170.268656716418
15030,1.0,0.0,1.0,0.0,0.0,PA,210.0,150.0,80.0,30.0,20.0,0.0,490.0,1090.0
15031,3.0,2.0,1.0,0.0,0.0,PA,120.0,80.0,40.0,40.0,0.0,0.0,280.0,720.0
15034,5.0,3.0,1.0,0.0,1.0,PA,360.0,280.0,120.0,70.0,50.0,0.0,880.0,2090.0
15035,4.0,0.0,4.0,0.0,0.0,PA,450.0,360.0,150.0,80.0,50.0,0.0,1090.0,2510.0
15037,20.0,9.0,10.0,0.0,1.0,PA,1890.0,1350.0,860.0,640.0,770.0,90.0,5600.0,16140.096428571429
15038,1.0,1.0,0.0,0.0,0.0,PA,70.0,70.0,20.0,30.0,0.0,0.0,190.0,510.0
15042,1.0,1.0,0.0,0.0,0.0,PA,1420.0,950.0,670.0,540.0,650.0,100.0,4330.0,12900.13856812933
15044,74.0,28.0,34.0,11.0,1.0,PA,4090.0,2090.0,1630.0,1470.0,3240.0,2020.0,14540.0,41120.83356258597
15045,6.0,1.0,5.0,0.0,0.0,PA,940.0,590.0,280.0,140.0,100.0,0.0,2050.0,4580.0
15046,1.0,1.0,0.0,0.0,0.0,PA,450.0,310.0,200.0,140.0,180.0,30.0,1310.0,3690.1374045801526
15051,1.0,0.0,1.0,0.0,0.0,PA,80.0,70.0,30.0,40.0,0.0,0.0,220.0,630.0
15055,1.0,1.0,0.0,0.0,0.0,PA,220.0,230.0,150.0,100.0,110.0,20.0,830.0,2480.144578313253
15056,6.0,4.0,2.0,0.0,0.0,PA,210.0,170.0,70.0,40.0,60.0,0.0,550.0,1380.0
15057,8.0,4.0,4.0,0.0,0.0,PA,2160.0,1290.0,910.0,790.0,1720.0,520.0,7390.0,22390.422192151556
15063,15.0,7.0,8.0,0.0,0.0,PA,1950.0,1450.0,910.0,600.0,650.0,80.0,5640.0,15630.08510638298
15067,3.0,1.0,1.0,1.0,0.0,PA,460.0,310.0,160.0,90.0,80.0,0.0,1100.0,2680.0
15068,64.0,27.0,25.0,7.0,5.0,PA,7260.0,4610.0,2730.0,1850.0,2130.0,340.0,18920.0,50120.10782241015
15071,20.0,11.0,6.0,1.0,2.0,PA,1700.0,1260.0,840.0,630.0,1010.0,260.0,5700.0,16830.273684210526
15076,1.0,1.0,0.0,0.0,0.0,PA,220.0,150.0,70.0,30.0,30.0,0.0,500.0,1120.0
15082,2.0,1.0,1.0,0.0,0.0,PA,50.0,70.0,30.0,30.0,0.0,0.0,180.0,520.0
15085,10.0,4.0,5.0,1.0,0.0,PA,1390.0,920.0,610.0,470.0,620.0,100.0,4110.0,11920.14598540146
15086,3.0,0.0,1.0,2.0,0.0,PA,50.0,30.0,40.0,0.0,40.0,40.0,200.0,431.2
15088,1.0,1.0,0.0,0.0,0.0,PA,120.0,80.0,30.0,40.0,0.0,0.0,270.0,690.0
15090,150.0,42.0,84.0,21.0,3.0,PA,2940.0,1470.0,1230.0,1030.0,2780.0,2200.0,11650.0,31711.1330472103
15101,61.0,11.0,44.0,6.0,0.0,PA,3790.0,2220.0,1740.0,1410.0,2700.0,1090.0,12950.0,38230.50501930502
15102,88.0,35.0,46.0,6.0,1.0,PA,4670.0,3000.0,2210.0,2020.0,3140.0,700.0,15740.0,49160.266836086405
15104,10.0,4.0,4.0,1.0,1.0,PA,2090.0,1030.0,290.0,120.0,60.0,0.0,3590.0,6280.0
15106,72.0,35.0,34.0,3.0,0.0,PA,3480.0,2690.0,1540.0,1030.0,1180.0,240.0,10160.0,27620.141732283464
15108,229.0,71.0,143.0,13.0,2.0,PA,6210.0,4260.0,2930.0,2330.0,3940.0,1240.0,20910.0,61860.35581061693
15110,2.0,2.0,0.0,0.0,0.0,PA,1350.0,590.0,180.0,70.0,50.0,0.0,2240.0,3880.0
15112,4.0,2.0,2.0,0.0,0.0,PA,720.0,460.0,180.0,80.0,60.0,0.0,1500.0,3120.0
15116,25.0,10.0,11.0,3.0,1.0,PA,2270.0,1490.0,1180.0,1000.0,1520.0,290.0,7750.0,24390.224516129034
15120,122.0,28.0,83.0,10.0,1.0,PA,3870.0,2620.0,1280.0,760.0,770.0,90.0,9390.0,22880.05750798722
15122,66.0,30.0,33.0,2.0,1.0,PA,3940.0,2790.0,1660.0,1060.0,930.0,80.0,10460.0,27630.045889101337
15126,15.0,11.0,3.0,0.0,1.0,PA,1220.0,870.0,590.0,460.0,670.0,100.0,3910.0,11760.153452685421
15129,11.0,3.0,8.0,0.0,0.0,PA,1760.0,1310.0,890.0,650.0,1040.0,160.0,5810.0,17450.165232358002
15131,23.0,8.0,14.0,1.0,0.0,PA,1480.0,1180.0,770.0,460.0,460.0,60.0,4410.0,12130.081632653062
15132,21.0,11.0,10.0,0.0,0.0,PA,4540.0,2350.0,900.0,430.0,310.0,20.0,8550.0,16930.01403508772
15133,3.0,3.0,0.0,0.0,0.0,PA,1230.0,1010.0,550.0,320.0,230.0,0.0,3340.0,8610.0
15135,1.0,0.0,1.0,0.0,0.0,PA,870.0,610.0,420.0,290.0,340.0,60.0,2590.0,7370.138996138996
15136,97.0,29.0,64.0,3.0,1.0,PA,4560.0,2910.0,1400.0,960.0,1290.0,300.0,11420.0,28710.15761821366
15137,33.0,14.0,18.0,1.0,0.0,PA,2080.0,1580.0,770.0,430.0,360.0,30.0,5250.0,12790.034285714286
15139,31.0,6.0,17.0,5.0,3.0,PA,1040.0,790.0,490.0,380.0,610.0,270.0,3580.0,10180.45251396648
15140,3.0,1.0,2.0,0.0,0.0,PA,740.0,370.0,160.0,60.0,60.0,0.0,1390.0,2740.0
15142,1.0,0.0,1.0,0.0,0.0,PA,200.0,170.0,130.0,100.0,190.0,310.0,1100.0,2681.690909090909
15143,68.0,13.0,41.0,14.0,0.0,PA,2740.0,1440.0,1130.0,980.0,2190.0,2040.0,10520.0,27801.16349809886
15144,11.0,3.0,8.0,0.0,0.0,PA,810.0,620.0,330.0,220.0,200.0,0.0,2180.0,5800.0
15145,10.0,5.0,4.0,1.0,0.0,PA,1600.0,1060.0,400.0,190.0,150.0,30.0,3430.0,7190.052478134111
15146,230.0,65.0,132.0,30.0,3.0,PA,4760.0,3480.0,2460.0,1680.0,2090.0,410.0,14880.0,42990.165322580644
15147,37.0,15.0,19.0,3.0,0.0,PA,3170.0,2500.0,1360.0,820.0,770.0,110.0,8730.0,22660.07560137457
15148,6.0,3.0,3.0,0.0,0.0,PA,580.0,350.0,120.0,50.0,30.0,0.0,1130.0,2190.0
15201,197.0,58.0,118.0,21.0,0.0,PA,2290.0,2300.0,1180.0,670.0,680.0,200.0,7320.0,19190.16393442623
15202,75.0,36.0,36.0,0.0,3.0,PA,3640.0,3240.0,1550.0,900.0,1010.0,240.0,10580.0,27020.136105860114
15203,304.0,107.0,165.0,24.0,8.0,PA,1590.0,1580.0,930.0,420.0,540.0,190.0,5250.0,13600.217142857144
15204,2.0,1.0,1.0,0.0,0.0,PA,1770.0,1200.0,530.0,250.0,210.0,0.0,3960.0,8810.0
15205,198.0,65.0,109.0,22.0,2.0,PA,4110.0,3480.0,1960.0,1100.0,1320.0,300.0,12270.0,32350.146699266505
15206,196.0,52.0,107.0,34.0,3.0,PA,5220.0,4100.0,1870.0,1000.0,1350.0,700.0,14240.0,33780.29494382023
15207,20.0,10.0,10.0,0.0,0.0,PA,2150.0,1550.0,710.0,440.0,400.0,30.0,5280.0,12900.03409090909
15208,17.0,11.0,5.0,1.0,0.0,PA,2010.0,1050.0,410.0,220.0,400.0,390.0,4480.0,9100.52232142857
15209,38.0,15.0,21.0,1.0,1.0,PA,2180.0,1730.0,1050.0,720.0,860.0,130.0,6670.0,18850.116941529235
15210,45.0,25.0,18.0,0.0,2.0,PA,5840.0,3770.0,1320.0,640.0,460.0,30.0,12060.0,24760.014925373136
15211,44.0,14.0,18.0,10.0,2.0,PA,2040.0,2080.0,1040.0,500.0,580.0,180.0,6420.0,16220.168224299065
15212,149.0,48.0,92.0,8.0,1.0,PA,5320.0,4200.0,1970.0,1040.0,1070.0,200.0,13800.0,33300.086956521736
15213,285.0,156.0,119.0,7.0,3.0,PA,2550.0,1370.0,590.0,300.0,410.0,400.0,5620.0,11510.427046263345
15214,5.0,2.0,2.0,1.0,0.0,PA,2940.0,1970.0,910.0,540.0,550.0,50.0,6960.0,16680.043103448275
15215,80.0,26.0,44.0,10.0,0.0,PA,2070.0,1330.0,750.0,550.0,920.0,700.0,6320.0,15980.664556962025
15216,140.0,56.0,75.0,7.0,2.0,PA,4000.0,3490.0,1840.0,1090.0,1490.0,400.0,12310.0,32670.194963444355
15217,220.0,88.0,107.0,20.0,5.0,PA,3440.0,2330.0,1600.0,1010.0,1970.0,1810.0,12160.0,30830.893092105263
15218,63.0,28.0,30.0,5.0,0.0,PA,2510.0,1980.0,1030.0,650.0,830.0,300.0,7300.0,18910.246575342466
15219,181.0,60.0,88.0,31.0,2.0,PA,2690.0,1320.0,440.0,220.0,230.0,90.0,4990.0,9560.108216432865
15220,81.0,23.0,52.0,4.0,2.0,PA,2720.0,2300.0,1620.0,1220.0,1410.0,240.0,9510.0,28990.15141955836
15221,55.0,28.0,25.0,1.0,1.0,PA,6140.0,4420.0,1990.0,1160.0,1230.0,300.0,15240.0,36380.11811023622
15222,524.0,179.0,276.0,61.0,8.0,PA,660.0,510.0,430.0,300.0,510.0,430.0,2840.0,7920.908450704225
15223,32.0,20.0,11.0,1.0,0.0,PA,1470.0,1190.0,630.0,340.0,260.0,20.0,3910.0,9760.030690537084
15224,156.0,78.0,70.0,7.0,1.0,PA,2200.0,1970.0,820.0,270.0,330.0,90.0,5680.0,12410.095070422536
15225,6.0,2.0,3.0,1.0,0.0,PA,230.0,200.0,90.0,50.0,40.0,0.0,610.0,1500.0
15226,51.0,28.0,22.0,1.0,0.0,PA,2470.0,2170.0,1300.0,750.0,670.0,50.0,7410.0,20060.04048582996
15227,65.0,29.0,31.0,4.0,1.0,PA,5100.0,4240.0,2500.0,1530.0,1670.0,190.0,15230.0,41670.074852265265
15228,85.0,22.0,48.0,15.0,0.0,PA,2360.0,1440.0,990.0,850.0,2000.0,1170.0,8810.0,25010.796821793418
15229,47.0,24.0,22.0,1.0,0.0,PA,2360.0,1890.0,1360.0,910.0,1070.0,180.0,7770.0,22850.138996138998
15232,182.0,31.0,106.0,40.0,5.0,PA,1290.0,1400.0,860.0,380.0,570.0,550.0,5050.0,12560.653465346535
15233,32.0,15.0,17.0,0.0,0.0,PA,590.0,470.0,190.0,100.0,120.0,50.0,1520.0,3500.1973684210525
15234,88.0,35.0,44.0,8.0,1.0,PA,2380.0,2120.0,1240.0,800.0,960.0,150.0,7650.0,21540.117647058825
15235,84.0,34.0,44.0,5.0,1.0,PA,6500.0,5330.0,2840.0,1710.0,1670.0,300.0,18350.0,47710.09809264305
15236,123.0,47.0,68.0,8.0,0.0,PA,5020.0,3770.0,2690.0,1960.0,2630.0,390.0,16460.0,49460.14216281896
15237,368.0,111.0,207.0,43.0,7.0,PA,6180.0,4160.0,3230.0,2720.0,4760.0,1630.0,22680.0,69750.43121693122
15238,69.0,22.0,41.0,6.0,0.0,PA,1840.0,1020.0,710.0,560.0,1180.0,1600.0,6910.0,16391.38929088278
15239,31.0,12.0,17.0,2.0,0.0,PA,3430.0,2370.0,1720.0,1320.0,1890.0,300.0,11030.0,33340.163191296466
15241,126.0,26.0,74.0,22.0,4.0,PA,2700.0,1220.0,1010.0,940.0,2550.0,1890.0,10310.0,28441.09990300679
15243,16.0,3.0,12.0,0.0,1.0,PA,1790.0,1030.0,950.0,900.0,1710.0,760.0,7140.0,22450.638655462186
15317,163.0,46.0,101.0,13.0,3.0,PA,5700.0,3590.0,2620.0,2230.0,4450.0,1910.0,20500.0,60830.55902439024
15321,7.0,3.0,4.0,0.0,0.0,PA,280.0,180.0,140.0,130.0,150.0,30.0,910.0,2850.197802197802
15332,10.0,2.0,6.0,2.0,0.0,PA,1380.0,950.0,670.0,510.0,610.0,140.0,4260.0,12420.197183098591
15342,6.0,3.0,3.0,0.0,0.0,PA,870.0,610.0,390.0,290.0,370.0,50.0,2580.0,7430.116279069767
15367,4.0,0.0,3.0,0.0,1.0,PA,1350.0,470.0,360.0,340.0,1010.0,980.0,4510.0,11141.303769401331
15632,12.0,1.0,10.0,1.0,0.0,PA,1550.0,870.0,580.0,460.0,920.0,420.0,4800.0,13310.525
15636,5.0,2.0,3.0,0.0,0.0,PA,590.0,310.0,200.0,210.0,510.0,160.0,1980.0,6040.484848484848
15637,3.0,3.0,0.0,0.0,0.0,PA,360.0,230.0,160.0,90.0,90.0,0.0,930.0,2470.0
15642,103.0,29.0,66.0,6.0,2.0,PA,7410.0,4750.0,3370.0,2750.0,4510.0,910.0,23700.0,71570.23037974683
15666,1.0,0.0,1.0,0.0,0.0,PA,2910.0,1910.0,1190.0,770.0,770.0,100.0,7650.0,20310.07843137255
15668,50.0,18.0,26.0,5.0,1.0,PA,2010.0,990.0,810.0,750.0,1700.0,760.0,7020.0,20920.649572649574
15678,1.0,1.0,0.0,0.0,0.0,PA,130.0,90.0,40.0,30.0,30.0,0.0,320.0,820.0
16929,1.0,1.0,0.0,0.0,0.0,PA,390.0,270.0,190.0,110.0,110.0,0.0,1070.0,2930.0
16930,2.0,1.0,1.0,0.0,0.0,PA,200.0,130.0,110.0,70.0,80.0,0.0,590.0,1750.0
18447,2.0,1.0,1.0,0.0,0.0,PA,1960.0,1440.0,830.0,500.0,540.0,70.0,5340.0,14030.078651685393
19301,1.0,1.0,0.0,0.0,0.0,PA,900.0,530.0,470.0,360.0,790.0,600.0,3650.0,10200.986301369863
19355,27.0,8.0,18.0,1.0,0.0,PA,3260.0,1760.0,1360.0,1230.0,2760.0,2670.0,13040.0,34501.22852760736
19362,4.0,1.0,3.0,0.0,0.0,PA,840.0,680.0,420.0,270.0,360.0,70.0,2640.0,7420.159090909091
19464,6.0,1.0,3.0,2.0,0.0,PA,8490.0,5530.0,3330.0,2230.0,3070.0,490.0,23140.0,62730.12705272256
21211,1.0,0.0,1.0,0.0,0.0,MD,2330.0,2460.0,1680.0,960.0,1140.0,220.0,8790.0,25670.150170648463
23919,1.0,1.0,0.0,0.0,0.0,VA,390.0,270.0,170.0,110.0,130.0,30.0,1100.0,2970.163636363636
24090,1.0,0.0,0.0,1.0,0.0,VA,630.0,460.0,280.0,240.0,380.0,100.0,2090.0,6210.287081339713
27244,1.0,1.0,0.0,0.0,0.0,NC,1650.0,1130.0,690.0,490.0,700.0,210.0,4870.0,13400.258726899385
27377,1.0,1.0,0.0,0.0,0.0,NC,1310.0,1280.0,760.0,440.0,590.0,130.0,4510.0,12620.172949002217
27560,1.0,1.0,0.0,0.0,0.0,NC,3150.0,2960.0,2460.0,2180.0,3460.0,1030.0,15240.0,51190.40551181103
28012,97.0,41.0,51.0,5.0,0.0,NC,3450.0,2540.0,1570.0,1030.0,1700.0,610.0,10900.0,29980.335779816513
28016,1.0,1.0,0.0,0.0,0.0,NC,2400.0,1570.0,760.0,400.0,330.0,40.0,5500.0,12670.043636363636
28025,144.0,66.0,65.0,11.0,2.0,NC,8730.0,6120.0,3200.0,2030.0,2380.0,610.0,23070.0,58710.158647594275
28027,366.0,132.0,206.0,22.0,6.0,NC,10120.0,7110.0,4010.0,2940.0,4790.0,1420.0,30390.0,83840.28035538006
28031,264.0,71.0,177.0,12.0,4.0,NC,3760.0,2540.0,1920.0,1480.0,2710.0,1860.0,14270.0,39990.78206026629
28032,10.0,8.0,2.0,0.0,0.0,NC,500.0,390.0,230.0,120.0,180.0,120.0,1540.0,3830.4675324675327
28034,13.0,9.0,4.0,0.0,0.0,NC,3130.0,2230.0,1170.0,670.0,620.0,60.0,7880.0,19560.045685279187
28036,60.0,14.0,39.0,6.0,1.0,NC,1930.0,1130.0,890.0,750.0,1890.0,1470.0,8060.0,22311.09429280397
28037,2.0,2.0,0.0,0.0,0.0,NC,2800.0,1800.0,1300.0,1120.0,2270.0,1110.0,10400.0,30610.640384615384
28052,52.0,30.0,20.0,2.0,0.0,NC,7410.0,4050.0,1580.0,640.0,520.0,80.0,14280.0,27970.03361344538
28054,130.0,51.0,72.0,5.0,2.0,NC,7190.0,4860.0,2210.0,1140.0,1140.0,230.0,16770.0,38360.08228980322
28056,107.0,38.0,65.0,4.0,0.0,NC,5050.0,3460.0,2140.0,1530.0,2260.0,560.0,15000.0,41930.224
28075,77.0,45.0,30.0,1.0,1.0,NC,2450.0,1430.0,1030.0,1010.0,2400.0,670.0,8990.0,28480.44716351502
28078,346.0,110.0,212.0,18.0,6.0,NC,6920.0,4760.0,3640.0,3050.0,6760.0,2680.0,27810.0,85560.57820927724
28079,118.0,61.0,53.0,3.0,1.0,NC,5150.0,3460.0,2540.0,2040.0,2880.0,510.0,16580.0,50410.18455971049
28081,15.0,8.0,6.0,1.0,0.0,NC,4840.0,3190.0,1520.0,860.0,1020.0,210.0,11640.0,27760.10824742268
28083,80.0,35.0,40.0,4.0,1.0,NC,4810.0,3290.0,1480.0,730.0,550.0,50.0,10910.0,24420.027497708525
28098,6.0,4.0,2.0,0.0,0.0,NC,730.0,540.0,280.0,140.0,150.0,0.0,1840.0,4520.0
28101,2.0,0.0,1.0,1.0,0.0,NC,90.0,80.0,50.0,30.0,100.0,0.0,350.0,1140.0
28104,91.0,39.0,49.0,2.0,1.0,NC,3780.0,2140.0,1640.0,1360.0,3140.0,1860.0,13920.0,39560.80172413793
28105,350.0,115.0,213.0,20.0,2.0,NC,6150.0,4260.0,2630.0,2040.0,3500.0,1230.0,19810.0,56380.37253912166
28107,6.0,3.0,3.0,0.0,0.0,NC,1160.0,750.0,540.0,430.0,530.0,100.0,3510.0,10370.17094017094
28110,110.0,58.0,49.0,3.0,0.0,NC,8310.0,5850.0,3260.0,2070.0,2440.0,430.0,22360.0,58550.11538461538
28112,35.0,18.0,16.0,1.0,0.0,NC,4510.0,3170.0,1610.0,940.0,970.0,150.0,11350.0,28050.079295154184
28120,36.0,18.0,17.0,1.0,0.0,NC,3380.0,2420.0,1570.0,1030.0,1360.0,290.0,10050.0,27970.173134328357
28134,199.0,58.0,112.0,26.0,3.0,NC,1920.0,1450.0,760.0,510.0,690.0,160.0,5490.0,14630.174863387978
28164,8.0,5.0,2.0,1.0,0.0,NC,2290.0,1520.0,910.0,660.0,960.0,260.0,6600.0,18140.236363636363
28173,101.0,37.0,58.0,5.0,1.0,NC,6480.0,2980.0,2270.0,1900.0,5550.0,4010.0,23190.0,62201.03751617076
28202,468.0,150.0,265.0,45.0,8.0,NC,1450.0,1590.0,1570.0,900.0,1470.0,650.0,7630.0,23890.51114023591
28203,423.0,91.0,267.0,51.0,14.0,NC,2130.0,2150.0,1890.0,1030.0,1460.0,1240.0,9900.0,27640.751515151514
28204,234.0,70.0,130.0,32.0,2.0,NC,980.0,1040.0,770.0,410.0,590.0,410.0,4200.0,11600.585714285715
28205,378.0,162.0,203.0,11.0,2.0,NC,9200.0,6330.0,2820.0,1430.0,2130.0,840.0,22750.0,52410.22153846154
28206,82.0,34.0,43.0,2.0,3.0,NC,3440.0,1530.0,430.0,150.0,200.0,40.0,5790.0,9990.041450777202
28207,56.0,14.0,27.0,14.0,1.0,NC,840.0,540.0,380.0,290.0,540.0,1770.0,4360.0,8082.435779816514
28208,224.0,106.0,109.0,9.0,0.0,NC,10290.0,4780.0,1260.0,460.0,450.0,100.0,17340.0,29560.034602076124
28209,303.0,73.0,191.0,33.0,6.0,NC,2820.0,2730.0,1940.0,1040.0,1810.0,1440.0,11780.0,31470.733446519524
28210,386.0,116.0,195.0,63.0,12.0,NC,6610.0,5260.0,2880.0,1900.0,3700.0,2260.0,22610.0,59470.5997346307
28211,184.0,32.0,109.0,34.0,9.0,NC,3630.0,2380.0,1470.0,1090.0,2320.0,2980.0,13870.0,33121.28911319395
28212,99.0,52.0,44.0,2.0,1.0,NC,9400.0,5680.0,1600.0,620.0,480.0,60.0,17840.0,32920.0201793722
28213,130.0,51.0,67.0,10.0,2.0,NC,8950.0,5480.0,2250.0,1120.0,1070.0,130.0,19000.0,40970.041052631575
28214,41.0,19.0,20.0,2.0,0.0,NC,7250.0,5590.0,2760.0,1380.0,1470.0,330.0,18780.0,45100.1054313099
28215,54.0,30.0,24.0,0.0,0.0,NC,12290.0,7790.0,3190.0,1630.0,1550.0,250.0,26700.0,58230.05617977528
28216,193.0,68.0,100.0,23.0,2.0,NC,11490.0,7960.0,3360.0,1540.0,1520.0,340.0,26210.0,57410.07783288821
28217,220.0,92.0,122.0,5.0,1.0,NC,6180.0,3830.0,1510.0,790.0,520.0,60.0,12890.0,27290.02792862684
28226,113.0,23.0,77.0,11.0,2.0,NC,5150.0,3680.0,2340.0,1620.0,3310.0,2930.0,19030.0,49040.92380451918
28227,145.0,71.0,67.0,7.0,0.0,NC,10360.0,6880.0,3260.0,2060.0,2730.0,720.0,26010.0,64030.166089965394
28262,344.0,121.0,206.0,14.0,3.0,NC,7410.0,5290.0,2760.0,1550.0,1390.0,250.0,18650.0,45620.080428954425
28269,185.0,87.0,88.0,9.0,1.0,NC,12890.0,9790.0,5710.0,3420.0,4420.0,880.0,37110.0,99060.14227970898
28270,120.0,45.0,67.0,5.0,3.0,NC,3940.0,2610.0,1850.0,1430.0,3200.0,2210.0,15240.0,42150.870078740154
28273,285.0,109.0,161.0,12.0,3.0,NC,6180.0,5530.0,2980.0,1540.0,1540.0,180.0,17950.0,46200.06016713092
28277,566.0,118.0,390.0,51.0,7.0,NC,7420.0,4790.0,4090.0,3190.0,7400.0,4680.0,31570.0,91790.8894520114
28278,60.0,16.0,38.0,5.0,1.0,NC,3380.0,2800.0,2090.0,1520.0,2750.0,940.0,13480.0,41160.41839762611
28451,1.0,1.0,0.0,0.0,0.0,NC,4970.0,3810.0,2280.0,1720.0,2270.0,480.0,15530.0,44540.185447520926
28730,17.0,13.0,2.0,2.0,0.0,NC,1600.0,990.0,610.0,420.0,580.0,260.0,4460.0,11670.349775784753
29707,90.0,43.0,44.0,2.0,1.0,SC,2860.0,2500.0,1980.0,1840.0,3330.0,890.0,13400.0,45170.39850746268
29708,183.0,61.0,116.0,4.0,2.0,SC,3430.0,2210.0,1870.0,1680.0,4070.0,1760.0,15020.0,47250.70306258322
29710,25.0,5.0,20.0,0.0,0.0,SC,4920.0,3520.0,2370.0,1620.0,2530.0,870.0,15830.0,44680.329753632344
29715,101.0,51.0,44.0,5.0,1.0,SC,4310.0,2940.0,1970.0,1610.0,3100.0,1070.0,15000.0,44480.428
41076,1.0,0.0,1.0,0.0,0.0,KY,2520.0,1990.0,1250.0,820.0,1180.0,300.0,8060.0,22710.223325062034
44001,64.0,34.0,29.0,0.0,1.0,OH,3530.0,2560.0,1920.0,1270.0,1530.0,280.0,11090.0,32220.15148782687
44011,136.0,37.0,80.0,18.0,1.0,OH,2850.0,1580.0,1560.0,1230.0,2750.0,1210.0,11180.0,34280.64937388193
44012,74.0,27.0,43.0,3.0,1.0,OH,3300.0,2050.0,1870.0,1460.0,2560.0,1260.0,12500.0,37490.6048
44017,65.0,30.0,32.0,3.0,0.0,OH,2820.0,2420.0,1630.0,970.0,1010.0,110.0,8960.0,25360.073660714286
44021,15.0,5.0,9.0,1.0,0.0,OH,920.0,800.0,490.0,290.0,310.0,50.0,2860.0,7860.104895104895
44022,78.0,12.0,45.0,19.0,2.0,OH,2220.0,1060.0,900.0,730.0,1810.0,2090.0,8810.0,21931.423382519864
44023,56.0,14.0,37.0,4.0,1.0,OH,2590.0,1420.0,1080.0,970.0,2020.0,1460.0,9540.0,26530.918238993712
44024,43.0,17.0,24.0,2.0,0.0,OH,3780.0,2400.0,1810.0,1330.0,2140.0,600.0,12060.0,35350.298507462685
44026,36.0,11.0,21.0,3.0,1.0,OH,1770.0,1120.0,990.0,750.0,1060.0,350.0,6040.0,18280.347682119205
44028,8.0,5.0,3.0,0.0,0.0,OH,1490.0,1100.0,790.0,530.0,720.0,180.0,4810.0,13900.224532224533
44035,120.0,54.0,59.0,6.0,1.0,OH,12580.0,8920.0,4390.0,2330.0,1820.0,210.0,30250.0,71330.04165289256
44039,48.0,24.0,20.0,4.0,0.0,OH,4670.0,4090.0,3150.0,2380.0,2850.0,330.0,17470.0,55590.1133371494
44040,9.0,3.0,6.0,0.0,0.0,OH,360.0,180.0,150.0,170.0,330.0,490.0,1680.0,4181.75
44044,9.0,5.0,4.0,0.0,0.0,OH,1970.0,1480.0,1100.0,650.0,810.0,150.0,6160.0,17480.146103896102
44045,3.0,1.0,1.0,1.0,0.0,OH,80.0,90.0,40.0,30.0,30.0,0.0,270.0,770.0
44050,5.0,2.0,2.0,1.0,0.0,OH,940.0,800.0,560.0,390.0,460.0,60.0,3210.0,9640.11214953271
44052,21.0,17.0,3.0,1.0,0.0,OH,6640.0,3580.0,1390.0,640.0,410.0,40.0,12700.0,25140.018897637794
44053,28.0,11.0,16.0,1.0,0.0,OH,3680.0,2410.0,1450.0,920.0,920.0,100.0,9480.0,24810.063291139242
44054,15.0,6.0,7.0,2.0,0.0,OH,2120.0,1700.0,1120.0,670.0,640.0,100.0,6350.0,17440.094488188977
44055,7.0,2.0,5.0,0.0,0.0,OH,4590.0,2360.0,810.0,290.0,190.0,0.0,8240.0,15010.0
44056,62.0,23.0,36.0,2.0,1.0,OH,1770.0,1270.0,1120.0,860.0,1200.0,290.0,6510.0,20550.26728110599
44060,314.0,95.0,194.0,21.0,4.0,OH,9940.0,7680.0,5680.0,3910.0,4810.0,980.0,33000.0,97670.17818181818
44062,22.0,9.0,12.0,0.0,1.0,OH,2040.0,1900.0,850.0,470.0,320.0,60.0,5640.0,13750.063829787234
44065,15.0,2.0,12.0,1.0,0.0,OH,670.0,520.0,360.0,230.0,290.0,90.0,2160.0,6080.25
44067,61.0,23.0,33.0,5.0,0.0,OH,3210.0,2570.0,1960.0,1380.0,1720.0,400.0,11240.0,33870.21352313167
44070,248.0,70.0,148.0,27.0,3.0,OH,5750.0,4280.0,3000.0,2000.0,2080.0,250.0,17360.0,49710.08640552995
44072,3.0,2.0,0.0,1.0,0.0,OH,650.0,420.0,320.0,260.0,460.0,330.0,2440.0,6830.811475409836
44077,91.0,30.0,54.0,7.0,0.0,OH,9890.0,7200.0,4440.0,2780.0,3500.0,940.0,28750.0,77350.19617391305
44087,72.0,30.0,34.0,8.0,0.0,OH,3380.0,2310.0,1810.0,1270.0,2020.0,510.0,11300.0,33690.27079646018
44089,1.0,0.0,1.0,0.0,0.0,OH,2840.0,2000.0,1360.0,840.0,960.0,190.0,8190.0,22440.139194139196
44092,45.0,22.0,22.0,1.0,0.0,OH,3050.0,2710.0,1510.0,790.0,800.0,130.0,8990.0,23320.086763070078
44094,174.0,67.0,93.0,13.0,1.0,OH,6130.0,4800.0,3270.0,2130.0,2650.0,880.0,19860.0,55830.26586102719
44095,79.0,37.0,40.0,0.0,2.0,OH,6200.0,5370.0,3040.0,1670.0,1280.0,150.0,17710.0,45820.05081874647
44102,140.0,46.0,82.0,10.0,2.0,OH,9390.0,5000.0,1630.0,610.0,600.0,170.0,17400.0,32160.058620689655
44103,50.0,24.0,24.0,2.0,0.0,OH,3550.0,1520.0,340.0,120.0,90.0,20.0,5640.0,9020.021276595744
44104,4.0,3.0,1.0,0.0,0.0,OH,5070.0,1500.0,320.0,80.0,40.0,0.0,7010.0,9870.0
44105,14.0,7.0,6.0,1.0,0.0,OH,8510.0,4270.0,1140.0,340.0,200.0,0.0,14460.0,24190.0
44106,195.0,76.0,99.0,19.0,1.0,OH,3890.0,2010.0,880.0,400.0,620.0,510.0,8310.0,16850.36823104693
44107,356.0,158.0,176.0,18.0,4.0,OH,9020.0,8350.0,4540.0,2300.0,2640.0,750.0,27600.0,70940.16304347826
44108,11.0,6.0,4.0,1.0,0.0,OH,5310.0,2530.0,630.0,230.0,250.0,160.0,9110.0,15350.10537870472
44109,93.0,47.0,41.0,5.0,0.0,OH,9030.0,5230.0,1930.0,760.0,530.0,30.0,17510.0,34010.01027984009
44110,34.0,14.0,20.0,0.0,0.0,OH,4330.0,2070.0,540.0,170.0,120.0,0.0,7230.0,12050.0
44111,141.0,68.0,66.0,6.0,1.0,OH,8640.0,6000.0,2610.0,1240.0,960.0,110.0,19560.0,43190.03374233129
44112,19.0,7.0,10.0,2.0,0.0,OH,4760.0,2110.0,600.0,220.0,160.0,0.0,7850.0,13340.0
44113,456.0,147.0,266.0,38.0,5.0,OH,2760.0,2240.0,1540.0,690.0,810.0,390.0,8430.0,21430.277580071175
44114,208.0,87.0,100.0,17.0,4.0,OH,1240.0,740.0,490.0,200.0,250.0,220.0,3140.0,7040.420382165605
44115,194.0,64.0,103.0,25.0,2.0,OH,1650.0,500.0,320.0,120.0,170.0,70.0,2830.0,5420.148409893993
44116,174.0,41.0,108.0,21.0,4.0,OH,3080.0,2200.0,1790.0,1180.0,2170.0,1150.0,11570.0,33140.59636992221
44117,10.0,6.0,3.0,1.0,0.0,OH,2090.0,1370.0,590.0,280.0,200.0,0.0,4530.0,9840.0
44118,200.0,68.0,118.0,12.0,2.0,OH,6120.0,4190.0,2650.0,1630.0,2450.0,890.0,17930.0,47740.29782487451
44119,31.0,18.0,12.0,1.0,0.0,OH,2590.0,2010.0,880.0,370.0,310.0,40.0,6200.0,13760.03870967742
44120,69.0,15.0,43.0,9.0,2.0,OH,7120.0,4030.0,1470.0,780.0,1110.0,800.0,15310.0,31380.31352057479
44121,74.0,34.0,35.0,5.0,0.0,OH,6260.0,4640.0,2580.0,1330.0,1310.0,170.0,16290.0,40470.06261510129
44122,314.0,58.0,178.0,64.0,14.0,OH,4750.0,3130.0,2180.0,1500.0,2790.0,2500.0,16850.0,43500.890207715136
44123,31.0,18.0,11.0,2.0,0.0,OH,3810.0,2860.0,1060.0,490.0,370.0,50.0,8640.0,18480.034722222223
44124,237.0,77.0,124.0,29.0,7.0,OH,6080.0,5040.0,3560.0,2250.0,2710.0,1500.0,21140.0,58390.42573320719
44125,51.0,27.0,23.0,1.0,0.0,OH,5820.0,4550.0,1930.0,870.0,680.0,60.0,13910.0,31070.025880661393
44126,90.0,38.0,44.0,8.0,0.0,OH,2770.0,2290.0,1730.0,1090.0,1260.0,270.0,9410.0,27560.17215727949
44127,3.0,3.0,0.0,0.0,0.0,OH,1060.0,380.0,80.0,30.0,0.0,0.0,1550.0,2300.0
44128,39.0,15.0,21.0,2.0,1.0,OH,6840.0,4520.0,1380.0,470.0,290.0,20.0,13520.0,25230.008875739644
44129,148.0,60.0,75.0,13.0,0.0,OH,5320.0,4640.0,2550.0,1370.0,1000.0,90.0,14970.0,38210.03607214429
44130,228.0,94.0,124.0,7.0,3.0,OH,9700.0,7790.0,4800.0,2800.0,2360.0,280.0,27730.0,73880.06058420484
44131,108.0,38.0,62.0,5.0,3.0,OH,3220.0,2300.0,2020.0,1460.0,1960.0,500.0,11460.0,35360.26178010471
44132,15.0,9.0,5.0,1.0,0.0,OH,3310.0,2240.0,920.0,390.0,260.0,40.0,7160.0,14970.033519553073
44133,86.0,41.0,39.0,6.0,0.0,OH,4960.0,4010.0,2640.0,1830.0,2650.0,710.0,16800.0,48790.25357142857
44134,121.0,62.0,55.0,4.0,0.0,OH,7080.0,6120.0,3590.0,1900.0,1470.0,100.0,20260.0,52640.02961500493
44135,83.0,44.0,37.0,2.0,0.0,OH,5700.0,3970.0,1750.0,760.0,450.0,30.0,12660.0,27220.014218009477
44136,188.0,60.0,107.0,17.0,4.0,OH,3930.0,2710.0,2130.0,1640.0,2410.0,650.0,13470.0,40910.28953229399
44137,23.0,8.0,13.0,1.0,1.0,OH,5270.0,3730.0,1450.0,560.0,350.0,0.0,11360.0,23310.0
44138,36.0,11.0,19.0,6.0,0.0,OH,3540.0,2670.0,1950.0,1410.0,1940.0,380.0,11890.0,35710.19175777965
44139,125.0,39.0,77.0,7.0,2.0,OH,3410.0,1870.0,1540.0,1250.0,2580.0,1680.0,12330.0,34670.81751824817
44140,21.0,11.0,9.0,1.0,0.0,OH,1940.0,1120.0,1240.0,960.0,1870.0,880.0,8010.0,24930.659176029963
44141,48.0,14.0,25.0,8.0,1.0,OH,1830.0,1010.0,960.0,850.0,1740.0,910.0,7300.0,22230.74794520548
44142,38.0,19.0,16.0,2.0,1.0,OH,3920.0,3190.0,1740.0,900.0,640.0,30.0,10420.0,25920.017274472168
44143,78.0,21.0,49.0,8.0,0.0,OH,4140.0,2830.0,2020.0,1360.0,2110.0,800.0,13260.0,37290.36199095022
44144,97.0,51.0,43.0,3.0,0.0,OH,4430.0,3800.0,1770.0,800.0,500.0,50.0,11350.0,26240.026431718063
44145,247.0,58.0,155.0,28.0,6.0,OH,4930.0,3140.0,2710.0,1870.0,3040.0,2010.0,17700.0,49500.6813559322
44146,62.0,31.0,25.0,3.0,3.0,OH,6070.0,5150.0,2350.0,1070.0,800.0,80.0,15520.0,35980.030927835054
44147,64.0,20.0,39.0,4.0,1.0,OH,2960.0,2190.0,1590.0,1190.0,1980.0,790.0,10700.0,31530.442990654206
44149,47.0,12.0,25.0,7.0,3.0,OH,2860.0,1830.0,1610.0,1320.0,2210.0,780.0,10610.0,32960.441093308196
44202,80.0,18.0,47.0,13.0,2.0,OH,2960.0,1800.0,1550.0,1190.0,2370.0,1010.0,10880.0,32580.55698529412
44212,98.0,44.0,47.0,3.0,4.0,OH,7390.0,5670.0,4100.0,2820.0,3370.0,390.0,23740.0,70440.09856781803
44221,132.0,53.0,62.0,14.0,3.0,OH,5340.0,5290.0,2790.0,1270.0,890.0,70.0,15650.0,38900.0268370607
44223,77.0,29.0,46.0,2.0,0.0,OH,2920.0,2310.0,1690.0,1090.0,1260.0,360.0,9630.0,27630.22429906542
44224,130.0,54.0,66.0,8.0,2.0,OH,6130.0,4560.0,3260.0,2250.0,3230.0,700.0,20130.0,59180.208643815204
44231,1.0,0.0,1.0,0.0,0.0,OH,1350.0,1150.0,730.0,420.0,330.0,50.0,4030.0,10850.074441687344
44233,6.0,4.0,2.0,0.0,0.0,OH,1180.0,650.0,580.0,440.0,870.0,480.0,4200.0,12090.685714285713
44234,3.0,2.0,1.0,0.0,0.0,OH,550.0,440.0,300.0,190.0,230.0,60.0,1770.0,5000.203389830508
44236,123.0,30.0,78.0,14.0,1.0,OH,3200.0,1320.0,1310.0,1170.0,3190.0,2340.0,12530.0,35081.12051077414
44240,184.0,84.0,93.0,5.0,2.0,OH,6370.0,3730.0,2250.0,1480.0,1830.0,340.0,16000.0,41570.1275
44241,76.0,29.0,40.0,6.0,1.0,OH,3010.0,2560.0,1540.0,900.0,1020.0,130.0,9160.0,25050.085152838426
44253,2.0,1.0,1.0,0.0,0.0,OH,550.0,460.0,290.0,240.0,270.0,40.0,1850.0,5610.12972972973
44255,10.0,3.0,7.0,0.0,0.0,OH,1330.0,1100.0,650.0,420.0,420.0,70.0,3990.0,10940.105263157895
44256,192.0,59.0,113.0,17.0,3.0,OH,9650.0,6280.0,4740.0,3670.0,5980.0,1940.0,32260.0,95690.3608183509
44260,1.0,0.0,1.0,0.0,0.0,OH,2310.0,1790.0,1190.0,770.0,720.0,130.0,6910.0,19220.112879884226
44262,12.0,8.0,4.0,0.0,0.0,OH,770.0,630.0,460.0,320.0,420.0,70.0,2670.0,8070.157303370786
44264,15.0,3.0,10.0,2.0,0.0,OH,400.0,300.0,230.0,170.0,270.0,120.0,1490.0,4400.48322147651
44266,1.0,0.0,1.0,0.0,0.0,OH,5960.0,4740.0,2480.0,1330.0,1280.0,160.0,15950.0,39920.06018808777
44278,39.0,12.0,25.0,2.0,0.0,OH,3010.0,2210.0,1610.0,1130.0,1230.0,250.0,9440.0,27450.158898305086
44280,7.0,2.0,4.0,0.0,1.0,OH,770.0,620.0,440.0,420.0,540.0,110.0,2900.0,9390.227586206896
44281,1.0,0.0,1.0,0.0,0.0,OH,4570.0,3500.0,2490.0,1710.0,2480.0,720.0,15470.0,45120.279250161606
44286,27.0,12.0,13.0,2.0,0.0,OH,920.0,580.0,430.0,360.0,550.0,500.0,3340.0,9000.898203592815
44303,1.0,0.0,1.0,0.0,0.0,OH,1440.0,870.0,520.0,350.0,480.0,230.0,3890.0,9940.354755784061
44310,1.0,1.0,0.0,0.0,0.0,OH,5400.0,3490.0,1010.0,390.0,190.0,0.0,10480.0,19480.0
44320,3.0,0.0,3.0,0.0,0.0,OH,4440.0,2620.0,980.0,440.0,340.0,50.0,8870.0,17840.033821871475
44321,20.0,6.0,13.0,1.0,0.0,OH,1910.0,1420.0,1130.0,920.0,1590.0,700.0,7670.0,23450.547588005214
44333,103.0,26.0,65.0,8.0,4.0,OH,2510.0,1470.0,1290.0,1050.0,1950.0,1340.0,9610.0,27470.836628511966
44428,3.0,1.0,1.0,1.0,0.0,OH,630.0,420.0,230.0,120.0,110.0,0.0,1510.0,3670.0
44889,1.0,0.0,1.0,0.0,0.0,OH,1080.0,790.0,610.0,340.0,390.0,60.0,3270.0,9160.11009174312
45069,1.0,0.0,1.0,0.0,0.0,OH,7110.0,4810.0,3530.0,2920.0,5480.0,2000.0,25850.0,78080.46421663443
45612,4.0,3.0,1.0,0.0,0.0,OH,830.0,560.0,300.0,130.0,110.0,0.0,1930.0,4440.0
46501,2.0,1.0,1.0,0.0,0.0,IN,660.0,490.0,250.0,160.0,130.0,0.0,1690.0,4320.0
46773,2.0,0.0,2.0,0.0,0.0,IN,610.0,440.0,300.0,230.0,170.0,30.0,1780.0,5080.101123595506
47250,74.0,26.0,45.0,2.0,1.0,IN,4020.0,2550.0,1420.0,930.0,980.0,210.0,10110.0,25720.124629080117
53121,1.0,0.0,1.0,0.0,0.0,WI,3100.0,2100.0,1420.0,1020.0,1300.0,240.0,9180.0,26220.156862745098
53207,1.0,0.0,1.0,0.0,0.0,WI,5700.0,5540.0,3410.0,1970.0,2020.0,230.0,18870.0,52870.07313195548
53508,12.0,3.0,6.0,3.0,0.0,WI,660.0,610.0,460.0,360.0,510.0,80.0,2680.0,8690.179104477613
53515,7.0,3.0,4.0,0.0,0.0,WI,330.0,270.0,220.0,170.0,210.0,60.0,1260.0,3940.285714285714
53521,4.0,1.0,3.0,0.0,0.0,WI,500.0,380.0,270.0,240.0,390.0,80.0,1860.0,5940.258064516129
53527,18.0,10.0,7.0,1.0,0.0,WI,1370.0,930.0,760.0,630.0,1300.0,270.0,5260.0,17050.307984790874
53528,16.0,11.0,5.0,0.0,0.0,WI,800.0,650.0,450.0,390.0,660.0,190.0,3140.0,9870.363057324841
53529,5.0,4.0,0.0,1.0,0.0,WI,270.0,260.0,140.0,130.0,210.0,50.0,1060.0,3300.2830188679245
53532,27.0,12.0,15.0,0.0,0.0,WI,1910.0,1540.0,1050.0,1010.0,1570.0,260.0,7340.0,24070.212534059945
53558,35.0,13.0,18.0,3.0,1.0,WI,1530.0,1110.0,860.0,790.0,1450.0,330.0,6070.0,19900.326194398684
53562,223.0,58.0,136.0,23.0,6.0,WI,3520.0,2960.0,2030.0,1460.0,2830.0,1670.0,14470.0,41360.69246717346
53565,1.0,1.0,0.0,0.0,0.0,WI,780.0,600.0,360.0,260.0,310.0,60.0,2370.0,6690.151898734177
53572,41.0,15.0,20.0,5.0,1.0,WI,1410.0,1020.0,680.0,560.0,1060.0,260.0,4990.0,15270.3126252505
53575,36.0,11.0,24.0,1.0,0.0,WI,2020.0,1500.0,1170.0,920.0,1910.0,540.0,8060.0,25440.40198511166
53589,65.0,21.0,40.0,2.0,2.0,WI,3040.0,2340.0,1510.0,1210.0,1740.0,340.0,10180.0,30630.20039292731
53590,146.0,62.0,74.0,9.0,1.0,WI,5360.0,4620.0,3110.0,2450.0,3990.0,870.0,20400.0,63480.25588235294
53593,77.0,24.0,49.0,4.0,0.0,WI,2820.0,1960.0,1610.0,1320.0,3220.0,1560.0,12490.0,38230.74939951961
53597,51.0,18.0,28.0,4.0,1.0,WI,2420.0,1610.0,1070.0,1010.0,2350.0,1060.0,9520.0,28680.668067226892
53598,12.0,5.0,6.0,1.0,0.0,WI,390.0,390.0,260.0,190.0,350.0,60.0,1640.0,5220.219512195122
53703,601.0,193.0,332.0,69.0,7.0,WI,5400.0,3780.0,1950.0,1120.0,1420.0,510.0,14180.0,34870.215796897035
53704,394.0,135.0,221.0,32.0,6.0,WI,8040.0,7490.0,4080.0,2370.0,2550.0,610.0,25140.0,66970.14558472554
53705,158.0,38.0,88.0,30.0,2.0,WI,3270.0,2620.0,1830.0,1240.0,2410.0,1240.0,12610.0,35970.590007930216
53706,31.0,28.0,2.0,1.0,0.0,WI,150.0,30.0,0.0,0.0,0.0,0.0,180.0,210.0
53711,206.0,61.0,127.0,16.0,2.0,WI,6540.0,5200.0,3590.0,2790.0,4840.0,1910.0,24870.0,74230.46079613993
53713,102.0,45.0,47.0,10.0,0.0,WI,4700.0,4110.0,1460.0,600.0,560.0,160.0,11590.0,24900.082830025884
53714,56.0,23.0,27.0,4.0,2.0,WI,2950.0,2760.0,1580.0,910.0,790.0,70.0,9060.0,24440.046357615895
53715,152.0,66.0,73.0,10.0,3.0,WI,1850.0,970.0,530.0,320.0,320.0,80.0,4070.0,9540.117936117937
53716,140.0,59.0,74.0,6.0,1.0,WI,2930.0,2620.0,1750.0,1350.0,1570.0,300.0,10520.0,32070.171102661596
53717,125.0,36.0,76.0,13.0,0.0,WI,1560.0,1300.0,1020.0,770.0,1320.0,640.0,6610.0,19980.58093797277
53718,47.0,16.0,28.0,2.0,1.0,WI,1780.0,2180.0,1600.0,1150.0,1390.0,210.0,8310.0,27090.151624548736
53719,323.0,87.0,187.0,46.0,3.0,WI,3970.0,4340.0,2860.0,1930.0,3020.0,590.0,16710.0,51770.2118491921
53726,12.0,5.0,7.0,0.0,0.0,WI,760.0,310.0,170.0,100.0,370.0,270.0,1980.0,4540.818181818182
54558,1.0,1.0,0.0,0.0,0.0,WI,420.0,300.0,170.0,100.0,130.0,40.0,1160.0,2980.206896551724
54849,1.0,1.0,0.0,0.0,0.0,WI,280.0,200.0,150.0,140.0,150.0,30.0,950.0,3000.1894736842105
60007,3.0,3.0,0.0,0.0,0.0,IL,5420.0,4050.0,2880.0,2040.0,3340.0,730.0,18460.0,55180.23726977248
60018,1.0,0.0,1.0,0.0,0.0,IL,5610.0,4160.0,2260.0,1290.0,1680.0,330.0,15330.0,39430.12915851272
61801,160.0,66.0,80.0,10.0,4.0,IL,3790.0,2240.0,970.0,540.0,850.0,320.0,8710.0,19750.22043628014
61802,69.0,26.0,35.0,6.0,2.0,IL,3560.0,2520.0,1200.0,670.0,900.0,270.0,9120.0,22060.177631578947
61817,1.0,1.0,0.0,0.0,0.0,IL,380.0,290.0,190.0,170.0,180.0,0.0,1210.0,3790.0
61820,504.0,198.0,255.0,44.0,7.0,IL,4550.0,2630.0,1040.0,560.0,600.0,160.0,9540.0,20410.100628930817
61821,137.0,57.0,66.0,13.0,1.0,IL,5390.0,3600.0,2020.0,1220.0,1460.0,500.0,14190.0,35710.211416490485
61822,140.0,48.0,79.0,11.0,2.0,IL,3090.0,2230.0,1610.0,1180.0,2320.0,1150.0,11580.0,33420.59585492228
61843,1.0,0.0,1.0,0.0,0.0,IL,370.0,290.0,190.0,130.0,190.0,20.0,1190.0,3510.1008403361343
61844,1.0,1.0,0.0,0.0,0.0,IL,140.0,120.0,80.0,70.0,70.0,0.0,480.0,1530.0
61847,2.0,1.0,1.0,0.0,0.0,IL,150.0,150.0,100.0,60.0,110.0,0.0,570.0,1780.0
61849,3.0,2.0,1.0,0.0,0.0,IL,230.0,210.0,170.0,120.0,110.0,20.0,860.0,2670.139534883721
61853,25.0,17.0,6.0,1.0,1.0,IL,1780.0,1030.0,830.0,790.0,1450.0,420.0,6300.0,19900.4
61854,2.0,2.0,0.0,0.0,0.0,IL,250.0,160.0,110.0,90.0,130.0,0.0,740.0,2270.0
61856,23.0,13.0,10.0,0.0,0.0,IL,1130.0,690.0,540.0,470.0,780.0,180.0,3790.0,11790.284960422163
61858,2.0,0.0,2.0,0.0,0.0,IL,480.0,350.0,260.0,190.0,210.0,0.0,1490.0,4530.0
61859,3.0,1.0,2.0,0.0,0.0,IL,150.0,150.0,90.0,80.0,110.0,0.0,580.0,1910.0
61864,2.0,0.0,2.0,0.0,0.0,IL,240.0,190.0,120.0,120.0,170.0,30.0,870.0,2790.206896551724
61866,28.0,15.0,13.0,0.0,0.0,IL,2880.0,1900.0,770.0,400.0,340.0,40.0,6330.0,13890.037914691944
61873,12.0,5.0,6.0,1.0,0.0,IL,720.0,500.0,460.0,430.0,620.0,80.0,2810.0,9640.170818505338
61874,39.0,12.0,25.0,2.0,0.0,IL,1060.0,800.0,500.0,390.0,800.0,220.0,3770.0,11280.350132625994
61877,1.0,1.0,0.0,0.0,0.0,IL,230.0,180.0,150.0,110.0,140.0,0.0,810.0,2620.0
61953,26.0,10.0,14.0,2.0,0.0,IL,1070.0,730.0,470.0,350.0,390.0,70.0,3080.0,8690.136363636364
61956,1.0,0.0,1.0,0.0,0.0,IL,520.0,350.0,210.0,140.0,140.0,0.0,1360.0,3670.0
63376,1.0,0.0,0.0,1.0,0.0,MO,11600.0,8530.0,6080.0,4690.0,6860.0,1050.0,38810.0,118720.16232929657
75043,1.0,0.0,1.0,0.0,0.0,TX,11110.0,8170.0,4000.0,2200.0,2510.0,410.0,28400.0,69600.0866197183
77056,1.0,0.0,0.0,1.0,0.0,TX,2050.0,1720.0,1490.0,1060.0,1880.0,2380.0,10580.0,27841.349716446126
80428,6.0,0.0,4.0,2.0,0.0,CO,90.0,80.0,50.0,40.0,80.0,0.0,340.0,1120.0
85003,259.0,89.0,160.0,7.0,3.0,AZ,1330.0,960.0,490.0,320.0,530.0,270.0,3900.0,9930.415384615384
85004,402.0,132.0,231.0,33.0,6.0,AZ,990.0,740.0,440.0,240.0,350.0,200.0,2960.0,7460.405405405405
85006,164.0,75.0,79.0,10.0,0.0,AZ,4660.0,3060.0,1070.0,450.0,370.0,70.0,9680.0,19440.043388429753
85007,97.0,63.0,31.0,2.0,1.0,AZ,2560.0,1400.0,490.0,260.0,390.0,200.0,5300.0,10860.22641509434
85008,266.0,132.0,119.0,11.0,4.0,AZ,11250.0,7880.0,2310.0,870.0,700.0,130.0,23140.0,44400.03370786517
85009,108.0,68.0,38.0,0.0,2.0,AZ,9170.0,5360.0,980.0,220.0,160.0,50.0,15940.0,25390.018820577163
85012,230.0,72.0,141.0,15.0,2.0,AZ,1010.0,950.0,530.0,310.0,550.0,450.0,3800.0,9730.71052631579
85013,277.0,93.0,164.0,18.0,2.0,AZ,2970.0,2780.0,1550.0,870.0,1110.0,520.0,9800.0,25690.31836734694
85014,321.0,103.0,204.0,10.0,4.0,AZ,4200.0,3780.0,1790.0,900.0,1090.0,400.0,12160.0,29780.197368421053
85015,180.0,100.0,73.0,4.0,3.0,AZ,7900.0,4680.0,1580.0,730.0,630.0,70.0,15590.0,30990.026940346375
85016,623.0,178.0,354.0,77.0,14.0,AZ,5380.0,4910.0,2540.0,1390.0,2060.0,1280.0,17560.0,44240.43735763098
85017,141.0,87.0,46.0,5.0,3.0,AZ,8260.0,4430.0,970.0,280.0,170.0,0.0,14110.0,23120.0
85018,476.0,153.0,266.0,46.0,11.0,AZ,4870.0,3680.0,2160.0,1300.0,2600.0,2590.0,17200.0,42110.903488372096
85019,52.0,27.0,19.0,5.0,1.0,AZ,5380.0,3450.0,930.0,310.0,150.0,20.0,10240.0,18300.01171875
85020,240.0,112.0,115.0,8.0,5.0,AZ,5340.0,4210.0,2270.0,1310.0,1860.0,980.0,15970.0,40350.368190356916
85021,167.0,85.0,79.0,3.0,0.0,AZ,7060.0,4240.0,1630.0,960.0,1470.0,820.0,16180.0,35460.304079110014
85022,308.0,125.0,169.0,9.0,5.0,AZ,7980.0,6490.0,3170.0,1920.0,2720.0,830.0,23110.0,59430.215491129384
85023,141.0,86.0,49.0,3.0,3.0,AZ,5580.0,4410.0,2080.0,1230.0,1570.0,470.0,15340.0,38330.18383311604
85024,57.0,31.0,21.0,5.0,0.0,AZ,3400.0,2980.0,1940.0,1380.0,2000.0,350.0,12050.0,36220.174273858924
85027,225.0,107.0,108.0,5.0,5.0,AZ,5750.0,5540.0,3060.0,1720.0,1490.0,150.0,17710.0,47220.05081874647
85028,114.0,39.0,64.0,8.0,3.0,AZ,2590.0,1780.0,1330.0,1120.0,2210.0,1060.0,10090.0,30150.630327056493
85029,237.0,125.0,106.0,4.0,2.0,AZ,8310.0,6260.0,2570.0,1230.0,940.0,150.0,19460.0,43080.04624871531
85031,76.0,46.0,29.0,1.0,0.0,AZ,6320.0,4030.0,870.0,240.0,100.0,0.0,11560.0,19410.0
85032,683.0,264.0,373.0,39.0,7.0,AZ,11220.0,8510.0,4570.0,2650.0,3270.0,640.0,30860.0,79500.12443292288
85033,85.0,52.0,30.0,3.0,0.0,AZ,11070.0,7670.0,1790.0,520.0,230.0,0.0,21280.0,37090.0
85034,215.0,99.0,103.0,10.0,3.0,AZ,1050.0,630.0,230.0,90.0,60.0,30.0,2090.0,4020.086124401914
85035,123.0,65.0,49.0,5.0,4.0,AZ,10120.0,7290.0,1600.0,370.0,130.0,0.0,19510.0,33110.0
85037,86.0,41.0,40.0,3.0,2.0,AZ,8460.0,7120.0,2580.0,1030.0,610.0,30.0,19830.0,41730.009077155824
85040,127.0,68.0,45.0,10.0,4.0,AZ,6040.0,3910.0,1030.0,350.0,210.0,40.0,11580.0,20800.0207253886
85041,110.0,67.0,41.0,1.0,1.0,AZ,10430.0,8230.0,2990.0,1300.0,1080.0,140.0,24170.0,51660.03475382706
85042,129.0,55.0,67.0,6.0,1.0,AZ,7160.0,5770.0,2320.0,1120.0,1340.0,350.0,18060.0,41320.11627906977
85043,86.0,48.0,33.0,3.0,2.0,AZ,5210.0,4610.0,1770.0,690.0,400.0,40.0,12720.0,27260.01886792453
85044,294.0,79.0,192.0,21.0,2.0,AZ,5270.0,4990.0,3180.0,2140.0,3190.0,1140.0,19910.0,57860.343545956806
85048,203.0,73.0,119.0,7.0,4.0,AZ,4020.0,2880.0,2090.0,1730.0,3590.0,1860.0,16170.0,47840.69016697588
85050,133.0,36.0,87.0,9.0,1.0,AZ,3440.0,2500.0,1940.0,1510.0,2960.0,1570.0,13920.0,41140.67672413793
85051,229.0,101.0,114.0,10.0,4.0,AZ,8620.0,5870.0,2010.0,910.0,640.0,60.0,18110.0,36870.01987852016
85053,134.0,57.0,70.0,4.0,3.0,AZ,5250.0,4220.0,1950.0,1090.0,970.0,110.0,13590.0,33110.04856512141
85054,228.0,47.0,142.0,34.0,5.0,AZ,740.0,790.0,630.0,450.0,710.0,320.0,3640.0,11360.527472527472
85083,19.0,7.0,12.0,0.0,0.0,AZ,1850.0,1110.0,960.0,940.0,2280.0,840.0,7980.0,25870.63157894737
85085,177.0,52.0,104.0,17.0,4.0,AZ,2320.0,2090.0,1550.0,1190.0,2620.0,880.0,10650.0,33770.49577464789
85086,138.0,47.0,75.0,13.0,3.0,AZ,4500.0,2960.0,2270.0,2140.0,4030.0,1260.0,17160.0,54500.44055944056
85087,2.0,0.0,2.0,0.0,0.0,AZ,1140.0,670.0,540.0,490.0,850.0,190.0,3880.0,12270.29381443299
85120,1.0,0.0,1.0,0.0,0.0,AZ,4750.0,3250.0,1520.0,740.0,500.0,50.0,10810.0,24230.027752081405
85140,11.0,3.0,7.0,1.0,0.0,AZ,4070.0,3820.0,2650.0,1750.0,1810.0,230.0,14330.0,42710.096301465455
85142,3.0,2.0,0.0,0.0,1.0,AZ,7030.0,5260.0,3950.0,3260.0,5050.0,1250.0,25800.0,80730.29069767441
85143,15.0,8.0,7.0,0.0,0.0,AZ,4450.0,4150.0,2710.0,1540.0,1310.0,120.0,14280.0,39750.05042016807
85201,330.0,140.0,173.0,12.0,5.0,AZ,9400.0,6790.0,2290.0,950.0,750.0,130.0,20310.0,41200.038404726736
85202,388.0,186.0,182.0,16.0,4.0,AZ,7250.0,5850.0,2320.0,1250.0,1380.0,200.0,18250.0,42810.06575342466
85203,119.0,60.0,51.0,4.0,4.0,AZ,5950.0,4290.0,1950.0,1200.0,1440.0,340.0,15170.0,37180.134475939354
85204,383.0,149.0,196.0,29.0,9.0,AZ,10590.0,8330.0,3280.0,1600.0,1190.0,160.0,25150.0,55840.038170974156
85205,189.0,90.0,88.0,8.0,3.0,AZ,6400.0,4600.0,2570.0,1680.0,1930.0,540.0,17720.0,46400.18284424379
85206,377.0,127.0,225.0,24.0,1.0,AZ,5220.0,4520.0,2460.0,1430.0,1400.0,220.0,15250.0,40080.08655737705
85207,87.0,34.0,47.0,5.0,1.0,AZ,6170.0,4350.0,2710.0,1970.0,3510.0,1410.0,20120.0,56310.42047713718
85208,89.0,38.0,47.0,2.0,2.0,AZ,5680.0,4200.0,2320.0,1270.0,960.0,100.0,14530.0,36000.04129387474
85209,174.0,76.0,91.0,7.0,0.0,AZ,5330.0,4290.0,2850.0,1890.0,2450.0,360.0,17170.0,49830.125800815375
85210,303.0,128.0,157.0,14.0,4.0,AZ,7290.0,5380.0,1840.0,920.0,860.0,110.0,16400.0,35230.04024390244
85212,59.0,23.0,32.0,3.0,1.0,AZ,3940.0,2760.0,2240.0,2060.0,3390.0,460.0,14850.0,49610.18585858586
85213,79.0,35.0,38.0,6.0,0.0,AZ,4510.0,3270.0,1950.0,1350.0,2360.0,850.0,14290.0,39500.35689293212
85215,135.0,37.0,94.0,3.0,1.0,AZ,2320.0,1570.0,1160.0,850.0,1350.0,430.0,7680.0,22490.3359375
85224,447.0,176.0,245.0,21.0,5.0,AZ,6500.0,6200.0,3770.0,2400.0,2850.0,620.0,22340.0,63660.166517457474
85225,393.0,169.0,208.0,14.0,2.0,AZ,11510.0,9310.0,4750.0,2720.0,3280.0,560.0,32130.0,82540.1045751634
85226,686.0,171.0,416.0,86.0,13.0,AZ,4990.0,4380.0,2850.0,2100.0,3420.0,1050.0,18790.0,56200.335284725916
85233,310.0,108.0,182.0,14.0,6.0,AZ,4960.0,4100.0,2720.0,1990.0,3240.0,780.0,17790.0,53440.26306913997
85234,252.0,96.0,143.0,12.0,1.0,AZ,6360.0,4530.0,3030.0,2440.0,4130.0,1270.0,21760.0,64680.35018382353
85248,185.0,57.0,111.0,15.0,2.0,AZ,3980.0,3080.0,2350.0,1910.0,3730.0,1750.0,16800.0,51120.625
85249,91.0,36.0,49.0,5.0,1.0,AZ,4640.0,2530.0,2080.0,1930.0,5010.0,2530.0,18720.0,56430.8108974359
85250,251.0,51.0,156.0,38.0,6.0,AZ,2390.0,2050.0,1490.0,1070.0,1440.0,610.0,9050.0,26720.404419889503
85251,1268.0,214.0,806.0,201.0,47.0,AZ,6190.0,5400.0,3140.0,1800.0,2440.0,1480.0,20450.0,53010.434229828854
85253,270.0,28.0,164.0,69.0,9.0,AZ,1690.0,940.0,680.0,510.0,1110.0,3150.0,8080.0,15242.339108910892
85254,661.0,146.0,397.0,102.0,16.0,AZ,5640.0,3760.0,2990.0,2610.0,5160.0,2770.0,22930.0,68810.7248146533
85255,321.0,52.0,209.0,48.0,12.0,AZ,4080.0,2370.0,1960.0,1730.0,4490.0,5400.0,20030.0,50991.61757363954
85256,14.0,4.0,10.0,0.0,0.0,AZ,1040.0,510.0,280.0,150.0,140.0,0.0,2120.0,4800.0
85257,255.0,97.0,137.0,18.0,3.0,AZ,4940.0,4260.0,2480.0,1380.0,1610.0,320.0,14990.0,39990.12808539026
85258,379.0,86.0,236.0,45.0,12.0,AZ,2900.0,2070.0,1670.0,1330.0,2690.0,1910.0,12570.0,36140.91169451074
85259,79.0,24.0,51.0,2.0,2.0,AZ,2460.0,1540.0,1150.0,880.0,2120.0,2410.0,10560.0,26631.36931818182
85260,713.0,172.0,420.0,96.0,25.0,AZ,4720.0,3570.0,2760.0,1940.0,3550.0,2340.0,18880.0,53410.7436440678
85262,27.0,4.0,12.0,8.0,3.0,AZ,900.0,560.0,470.0,450.0,1340.0,1660.0,5380.0,13731.85130111524
85264,8.0,3.0,5.0,0.0,0.0,AZ,140.0,230.0,140.0,70.0,80.0,30.0,690.0,1980.2608695652175
85266,70.0,14.0,39.0,13.0,4.0,AZ,1010.0,530.0,450.0,430.0,1280.0,1350.0,5050.0,13261.60396039604
85268,154.0,42.0,95.0,13.0,4.0,AZ,2800.0,1960.0,1540.0,1210.0,2290.0,1150.0,10950.0,32470.630136986303
85281,1010.0,411.0,540.0,43.0,16.0,AZ,10220.0,6390.0,2310.0,1050.0,1000.0,320.0,21290.0,43330.09018318459
85282,584.0,226.0,315.0,30.0,13.0,AZ,8890.0,7350.0,3460.0,1990.0,2340.0,420.0,24450.0,61590.10306748466
85283,344.0,157.0,177.0,7.0,3.0,AZ,7390.0,6390.0,3150.0,1830.0,2280.0,550.0,21590.0,55660.152848540994
85284,318.0,100.0,193.0,19.0,6.0,AZ,2100.0,1520.0,1140.0,970.0,2320.0,1570.0,9620.0,27920.97920997921
85286,272.0,87.0,169.0,10.0,6.0,AZ,4520.0,3200.0,2330.0,2120.0,4570.0,1720.0,18460.0,57720.559046587216
85295,461.0,138.0,265.0,50.0,8.0,AZ,5020.0,3900.0,2920.0,2430.0,3930.0,1160.0,19360.0,60670.35950413223
85296,239.0,85.0,141.0,13.0,0.0,AZ,5010.0,3940.0,3140.0,2490.0,4150.0,1060.0,19790.0,62980.32137443153
85297,57.0,15.0,39.0,1.0,2.0,AZ,3210.0,2170.0,1780.0,1700.0,3200.0,910.0,12970.0,42490.42097147263
85298,90.0,30.0,57.0,3.0,0.0,AZ,3180.0,1890.0,1810.0,1830.0,4400.0,1510.0,14620.0,49030.61969904241
85301,269.0,137.0,123.0,7.0,2.0,AZ,12880.0,7230.0,1760.0,540.0,370.0,30.0,22810.0,38790.00789127575
85302,180.0,81.0,92.0,4.0,3.0,AZ,7090.0,5450.0,2310.0,1270.0,1000.0,80.0,17200.0,40080.02790697674
85303,39.0,17.0,19.0,1.0,2.0,AZ,5840.0,4330.0,1620.0,760.0,590.0,80.0,13220.0,28390.036308623297
85304,58.0,25.0,30.0,3.0,0.0,AZ,4140.0,3350.0,1860.0,1200.0,1420.0,200.0,12170.0,33120.09860312243
85305,147.0,40.0,95.0,12.0,0.0,AZ,1830.0,1700.0,860.0,550.0,680.0,90.0,5710.0,15610.094570928197
85306,136.0,61.0,67.0,6.0,2.0,AZ,3920.0,3100.0,1730.0,980.0,1030.0,150.0,10910.0,28300.082493125574
85307,33.0,20.0,12.0,1.0,0.0,AZ,1440.0,1440.0,570.0,310.0,240.0,30.0,4030.0,9710.044665012407
85308,760.0,214.0,479.0,55.0,12.0,AZ,8810.0,7330.0,4710.0,3340.0,5000.0,1110.0,30300.0,89320.2198019802
85310,86.0,34.0,47.0,3.0,2.0,AZ,2360.0,1690.0,1380.0,1130.0,2030.0,600.0,9190.0,29070.39173014146
85323,137.0,75.0,56.0,6.0,0.0,AZ,6730.0,5760.0,2470.0,1090.0,800.0,70.0,16920.0,38380.024822695035
85326,105.0,53.0,47.0,4.0,1.0,AZ,7740.0,7430.0,3860.0,2110.0,1810.0,160.0,23110.0,60110.041540458675
85331,194.0,43.0,130.0,16.0,5.0,AZ,3250.0,1800.0,1380.0,1410.0,3440.0,1880.0,13160.0,39470.857142857145
85335,41.0,21.0,17.0,2.0,1.0,AZ,5600.0,4960.0,1940.0,880.0,460.0,30.0,13870.0,30680.012977649603
85338,193.0,86.0,94.0,10.0,3.0,AZ,6670.0,5840.0,3790.0,2680.0,3270.0,490.0,22740.0,67510.12928759895
85339,85.0,37.0,42.0,5.0,1.0,AZ,6300.0,5440.0,2990.0,1790.0,1820.0,220.0,18560.0,49570.07112068965
85340,96.0,31.0,54.0,11.0,0.0,AZ,3520.0,2700.0,1830.0,1490.0,2660.0,810.0,13010.0,39630.37355880092
85342,2.0,0.0,1.0,0.0,1.0,AZ,190.0,120.0,80.0,40.0,70.0,0.0,500.0,1340.0
85345,286.0,124.0,144.0,14.0,4.0,AZ,9500.0,7970.0,3980.0,2040.0,1620.0,110.0,25220.0,61800.02616970658
85351,78.0,33.0,39.0,4.0,2.0,AZ,5580.0,3600.0,2260.0,1230.0,1110.0,150.0,13930.0,34950.064608758075
85353,88.0,46.0,35.0,3.0,4.0,AZ,6070.0,5660.0,2410.0,1170.0,650.0,50.0,16010.0,37230.01873828857
85355,4.0,3.0,1.0,0.0,0.0,AZ,1260.0,990.0,800.0,670.0,1030.0,180.0,4930.0,16150.21906693712
85361,1.0,1.0,0.0,0.0,0.0,AZ,1000.0,660.0,370.0,220.0,310.0,30.0,2590.0,6740.069498069498
85363,24.0,14.0,10.0,0.0,0.0,AZ,1220.0,920.0,380.0,160.0,100.0,0.0,2780.0,5980.0
85373,30.0,14.0,15.0,1.0,0.0,AZ,2720.0,1930.0,1420.0,990.0,1050.0,110.0,8220.0,24010.080291970804
85374,350.0,114.0,214.0,16.0,6.0,AZ,5470.0,4640.0,3130.0,2110.0,2250.0,310.0,17910.0,52270.103852596316
85375,34.0,12.0,20.0,1.0,1.0,AZ,3840.0,2930.0,2360.0,1790.0,2120.0,350.0,13390.0,41700.156833457804
85377,58.0,6.0,43.0,8.0,1.0,AZ,390.0,270.0,190.0,170.0,440.0,380.0,1840.0,5061.239130434783
85379,93.0,39.0,50.0,4.0,0.0,AZ,5330.0,4510.0,3160.0,2240.0,2600.0,300.0,18140.0,54750.09922822492
85381,133.0,65.0,61.0,5.0,2.0,AZ,3680.0,3090.0,1940.0,1340.0,1900.0,350.0,12300.0,35900.170731707316
85382,306.0,78.0,204.0,20.0,4.0,AZ,5600.0,4530.0,3080.0,2310.0,3280.0,510.0,19310.0,58780.158467115485
85383,136.0,37.0,92.0,6.0,1.0,AZ,5320.0,3450.0,2890.0,2900.0,6760.0,2450.0,23770.0,77890.61842658813
85387,4.0,0.0,3.0,0.0,1.0,AZ,1330.0,1090.0,860.0,700.0,940.0,180.0,5100.0,16390.211764705884
85388,50.0,25.0,22.0,2.0,1.0,AZ,3110.0,2710.0,1910.0,1500.0,1700.0,150.0,11080.0,34760.08122743682
85392,224.0,85.0,127.0,8.0,4.0,AZ,5370.0,4760.0,2700.0,1620.0,1780.0,200.0,16430.0,44850.07303712721
85395,225.0,53.0,163.0,8.0,1.0,AZ,2920.0,2340.0,1750.0,1710.0,3300.0,790.0,12810.0,43030.3700234192
85396,18.0,5.0,13.0,0.0,0.0,AZ,2070.0,1800.0,1360.0,1240.0,1970.0,400.0,8840.0,29520.27149321267
85545,2.0,1.0,1.0,0.0,0.0,AZ,70.0,40.0,30.0,30.0,0.0,0.0,170.0,480.0
89002,43.0,19.0,22.0,1.0,1.0,NV,4530.0,3470.0,2520.0,1950.0,3050.0,570.0,16090.0,49880.2125543816
89004,5.0,0.0,4.0,0.0,1.0,NV,40.0,40.0,30.0,20.0,50.0,0.0,180.0,620.0
89005,129.0,48.0,75.0,6.0,0.0,NV,2170.0,1520.0,1080.0,760.0,1190.0,340.0,7060.0,20480.28895184136
89011,108.0,34.0,61.0,7.0,6.0,NV,3870.0,3570.0,1960.0,1220.0,1650.0,580.0,12850.0,34900.270817120625
89012,236.0,71.0,146.0,16.0,3.0,NV,4120.0,3370.0,2530.0,1870.0,2960.0,1180.0,16030.0,48210.44167186525
89014,649.0,216.0,375.0,44.0,14.0,NV,6780.0,5630.0,2820.0,1630.0,1960.0,450.0,19270.0,49340.1401141671
89015,229.0,119.0,100.0,6.0,4.0,NV,6600.0,4820.0,2550.0,1600.0,1790.0,310.0,17670.0,45640.10526315789
89019,2.0,1.0,0.0,1.0,0.0,NV,480.0,350.0,110.0,80.0,80.0,0.0,1100.0,2550.0
89030,187.0,102.0,78.0,6.0,1.0,NV,10890.0,6670.0,1520.0,380.0,150.0,20.0,19630.0,32580.006113092204
89031,202.0,100.0,96.0,6.0,0.0,NV,10750.0,9820.0,5100.0,2960.0,2700.0,210.0,31540.0,82870.03994927077
89032,202.0,89.0,99.0,12.0,2.0,NV,7900.0,6820.0,2880.0,1390.0,1040.0,70.0,20100.0,46500.020895522386
89044,22.0,5.0,13.0,4.0,0.0,NV,2090.0,1740.0,1620.0,1370.0,2550.0,960.0,10330.0,34140.557599225554
89052,520.0,142.0,334.0,34.0,10.0,NV,6580.0,4900.0,3690.0,2880.0,5340.0,2760.0,26150.0,77190.63326959847
89074,259.0,102.0,137.0,13.0,7.0,NV,7570.0,6200.0,3970.0,2540.0,3610.0,1240.0,25130.0,70250.29606048547
89081,77.0,37.0,37.0,2.0,1.0,NV,5580.0,5300.0,2570.0,1410.0,1250.0,100.0,16210.0,41420.03701418877
89084,129.0,53.0,70.0,5.0,1.0,NV,3390.0,3010.0,1990.0,1450.0,1980.0,290.0,12110.0,36880.14368290669
89085,2.0,0.0,2.0,0.0,0.0,NV,400.0,300.0,290.0,300.0,380.0,50.0,1720.0,6170.174418604651
89086,16.0,3.0,13.0,0.0,0.0,NV,950.0,890.0,340.0,190.0,150.0,0.0,2520.0,6020.0
89101,609.0,226.0,325.0,45.0,13.0,NV,8540.0,4820.0,1050.0,320.0,230.0,110.0,15070.0,25040.043795620437
89102,729.0,276.0,394.0,42.0,17.0,NV,8030.0,5170.0,1270.0,560.0,630.0,290.0,15950.0,29810.109090909093
89103,869.0,296.0,490.0,65.0,18.0,NV,10790.0,8660.0,2470.0,940.0,780.0,310.0,23950.0,46940.07766179541
89104,443.0,209.0,208.0,18.0,8.0,NV,9100.0,6080.0,1730.0,630.0,450.0,70.0,18060.0,33740.023255813954
89106,266.0,66.0,144.0,45.0,11.0,NV,5720.0,3260.0,880.0,310.0,200.0,60.0,10430.0,18360.034515819752
89107,235.0,92.0,112.0,24.0,7.0,NV,7740.0,5680.0,1990.0,800.0,650.0,320.0,17180.0,34720.11175785797
89108,275.0,129.0,137.0,9.0,0.0,NV,14290.0,10740.0,3720.0,1570.0,1190.0,150.0,31660.0,65440.02842703727
89109,2226.0,339.0,1163.0,480.0,244.0,NV,1310.0,890.0,340.0,220.0,360.0,450.0,3570.0,7670.756302521008
89110,167.0,92.0,66.0,7.0,2.0,NV,13690.0,10150.0,3340.0,1500.0,1360.0,170.0,30210.0,62810.03376365442
89113,392.0,131.0,242.0,10.0,9.0,NV,4560.0,4660.0,2490.0,1390.0,1780.0,770.0,15650.0,41370.29520766773
89115,135.0,69.0,62.0,3.0,1.0,NV,11810.0,7880.0,2190.0,710.0,360.0,30.0,22980.0,41620.00783289817
89117,611.0,150.0,407.0,47.0,7.0,NV,9410.0,7880.0,3980.0,2260.0,3010.0,1450.0,27990.0,70240.31082529474
89118,445.0,153.0,254.0,24.0,14.0,NV,3830.0,3630.0,1340.0,600.0,690.0,280.0,10370.0,23360.16200578592
89119,1132.0,370.0,621.0,114.0,27.0,NV,10970.0,7200.0,1970.0,770.0,570.0,160.0,21640.0,40290.04436229205
89120,275.0,118.0,142.0,13.0,2.0,NV,4450.0,3540.0,1520.0,770.0,950.0,310.0,11540.0,27000.161178509534
89121,403.0,201.0,181.0,17.0,4.0,NV,13860.0,9640.0,3220.0,1430.0,1190.0,210.0,29550.0,60190.04263959391
89122,103.0,47.0,51.0,4.0,1.0,NV,9540.0,8180.0,3150.0,1340.0,960.0,100.0,23270.0,50870.025784271595
89123,684.0,210.0,433.0,37.0,4.0,NV,8820.0,7810.0,4430.0,2680.0,3450.0,770.0,27960.0,76420.1652360515
89124,14.0,4.0,10.0,0.0,0.0,NV,70.0,50.0,50.0,30.0,90.0,0.0,290.0,1010.0
89128,284.0,91.0,168.0,21.0,4.0,NV,6440.0,5300.0,2450.0,1370.0,1690.0,440.0,17690.0,43800.14923685698
89129,178.0,75.0,92.0,7.0,4.0,NV,7740.0,6510.0,4040.0,2540.0,3240.0,890.0,24960.0,69400.21394230769
89130,268.0,119.0,131.0,16.0,2.0,NV,5110.0,4190.0,2560.0,1680.0,2140.0,330.0,16010.0,45310.12367270456
89131,126.0,39.0,83.0,4.0,0.0,NV,5490.0,4250.0,3170.0,2540.0,4570.0,1260.0,21280.0,66670.3552631579
89134,115.0,39.0,68.0,6.0,2.0,NV,3370.0,2490.0,1990.0,1530.0,2340.0,1190.0,12910.0,38260.55305964369
89135,281.0,65.0,174.0,40.0,2.0,NV,3100.0,2240.0,1850.0,1500.0,3080.0,2280.0,14050.0,40530.97366548043
89138,18.0,7.0,10.0,1.0,0.0,NV,1410.0,920.0,860.0,720.0,1770.0,1210.0,6890.0,20441.053701015964
89139,274.0,103.0,148.0,18.0,5.0,NV,6240.0,6330.0,3380.0,1770.0,2120.0,520.0,20360.0,53800.153241650296
89141,71.0,25.0,41.0,5.0,0.0,NV,3730.0,3560.0,2350.0,1670.0,2370.0,910.0,14590.0,43110.37422892392
89142,54.0,31.0,21.0,1.0,1.0,NV,6470.0,5590.0,2010.0,850.0,630.0,50.0,15600.0,33630.019230769234
89143,34.0,11.0,22.0,1.0,0.0,NV,1530.0,1310.0,990.0,680.0,940.0,140.0,5590.0,17260.150268336314
89144,33.0,7.0,22.0,3.0,1.0,NV,2210.0,1780.0,1330.0,950.0,1600.0,990.0,8860.0,25360.670428893904
89145,314.0,76.0,199.0,34.0,5.0,NV,4300.0,3650.0,1710.0,960.0,960.0,570.0,12150.0,29210.28148148148
89146,562.0,243.0,287.0,26.0,6.0,NV,4100.0,2590.0,990.0,530.0,590.0,250.0,9050.0,19440.165745856353
89147,637.0,211.0,394.0,28.0,4.0,NV,9570.0,8590.0,4060.0,1930.0,1940.0,480.0,26570.0,64070.108392924354
89148,295.0,112.0,165.0,13.0,5.0,NV,7600.0,7100.0,4250.0,2530.0,2940.0,730.0,25150.0,69490.17415506959
89149,254.0,85.0,158.0,10.0,1.0,NV,4770.0,4250.0,2910.0,1980.0,3030.0,1020.0,17960.0,52990.34075723831
89156,34.0,18.0,15.0,1.0,0.0,NV,5190.0,4070.0,1520.0,650.0,460.0,50.0,11940.0,25390.02512562814
89166,11.0,4.0,7.0,0.0,0.0,NV,2140.0,2380.0,1890.0,1310.0,1780.0,210.0,9710.0,31950.129763130793
89169,417.0,102.0,204.0,72.0,39.0,NV,5310.0,2980.0,710.0,250.0,230.0,120.0,9600.0,16550.075
89178,32.0,11.0,19.0,1.0,1.0,NV,4340.0,4640.0,3140.0,1990.0,2580.0,520.0,17210.0,51860.18128994771
89179,3.0,2.0,1.0,0.0,0.0,NV,1000.0,1170.0,960.0,720.0,900.0,110.0,4860.0,16480.135802469136
89183,311.0,112.0,186.0,9.0,4.0,NV,5710.0,5500.0,2940.0,1540.0,1510.0,380.0,17580.0,45400.129692832765
89191,10.0,7.0,3.0,0.0,0.0,NV,480.0,70.0,30.0,40.0,0.0,0.0,620.0,1030.0
89410,1.0,0.0,1.0,0.0,0.0,NV,1800.0,1240.0,870.0,580.0,760.0,220.0,5470.0,15330.241316270567
90014,1.0,1.0,0.0,0.0,0.0,CA,1200.0,720.0,480.0,360.0,540.0,190.0,3490.0,9660.32664756447
90042,1.0,0.0,1.0,0.0,0.0,CA,10670.0,7560.0,3760.0,2110.0,2680.0,650.0,27430.0,67350.14218009479
90802,1.0,0.0,1.0,0.0,0.0,CA,6740.0,5610.0,3120.0,1910.0,2090.0,520.0,19990.0,53050.15607803902
91355,1.0,0.0,1.0,0.0,0.0,CA,3950.0,2520.0,2100.0,1860.0,3720.0,1430.0,15580.0,48770.55070603338
91902,1.0,0.0,1.0,0.0,0.0,CA,2390.0,1660.0,1110.0,920.0,1840.0,680.0,8600.0,25600.474418604652
92328,1.0,0.0,1.0,0.0,0.0,CA,80.0,60.0,30.0,20.0,0.0,0.0,190.0,450.0
92647,1.0,1.0,0.0,0.0,0.0,CA,9500.0,6480.0,3760.0,2620.0,4770.0,1400.0,28530.0,78550.29442691903
95133,1.0,1.0,0.0,0.0,0.0,CA,4070.0,3120.0,1840.0,1280.0,2210.0,930.0,13450.0,37120.414869888475
97490,3.0,1.0,2.0,0.0,0.0,OR,50.0,40.0,0.0,20.0,0.0,0.0,110.0,290.0
97504,1.0,1.0,0.0,0.0,0.0,OR,7600.0,5050.0,2950.0,2080.0,3100.0,1020.0,21800.0,58690.28073394496
97535,39.0,19.0,19.0,1.0,0.0,OR,1130.0,670.0,350.0,170.0,170.0,40.0,2530.0,5730.094861660079
